duplicate_group_id,frame_id,representative_raw_track_id,suppressed_raw_track_ids,member_raw_track_ids,member_count,status
dup_0001,30,mot_0009,mot_0028,mot_0009|mot_0028,2,duplicate_suppressed
dup_0002,31,mot_0009,mot_0028,mot_0009|mot_0028,2,duplicate_suppressed
dup_0003,32,mot_0009,mot_0028,mot_0009|mot_0028,2,duplicate_suppressed
dup_0004,33,mot_0009,mot_0028,mot_0009|mot_0028,2,duplicate_suppressed
dup_0005,34,mot_0009,mot_0028,mot_0009|mot_0028,2,duplicate_suppressed
dup_0006,35,mot_0009,mot_0028,mot_0009|mot_0028,2,duplicate_suppressed
dup_0007,36,mot_0009,mot_0028,mot_0009|mot_0028,2,duplicate_suppressed
dup_0008,37,mot_0009,mot_0028,mot_0009|mot_0028,2,duplicate_suppressed
dup_0009,38,mot_0009,mot_0028,mot_0009|mot_0028,2,duplicate_suppressed
dup_0010,39,mot_0009,mot_0028,mot_0009|mot_0028,2,duplicate_suppressed
dup_0011,40,mot_0009,mot_0028,mot_0009|mot_0028,2,duplicate_suppressed
dup_0012,41,mot_0009,mot_0028,mot_0009|mot_0028,2,duplicate_suppressed
dup_0013,42,mot_0009,mot_0028,mot_0009|mot_0028,2,duplicate_suppressed
dup_0014,43,mot_0009,mot_0028,mot_0009|mot_0028,2,duplicate_suppressed
dup_0015,44,mot_0009,mot_0028,mot_0009|mot_0028,2,duplicate_suppressed
dup_0016,45,mot_0009,mot_0028,mot_0009|mot_0028,2,duplicate_suppressed
dup_0017,46,mot_0009,mot_0028,mot_0009|mot_0028,2,duplicate_suppressed
dup_0018,47,mot_0009,mot_0028,mot_0009|mot_0028,2,duplicate_suppressed
dup_0019,48,mot_0009,mot_0028,mot_0009|mot_0028,2,duplicate_suppressed
dup_0020,49,mot_0009,mot_0028,mot_0009|mot_0028,2,duplicate_suppressed
dup_0021,50,mot_0009,mot_0028,mot_0009|mot_0028,2,duplicate_suppressed
dup_0022,51,mot_0009,mot_0028,mot_0009|mot_0028,2,duplicate_suppressed
dup_0023,52,mot_0009,mot_0028,mot_0009|mot_0028,2,duplicate_suppressed
dup_0024,53,mot_0009,mot_0028,mot_0009|mot_0028,2,duplicate_suppressed
dup_0025,54,mot_0009,mot_0028,mot_0009|mot_0028,2,duplicate_suppressed
dup_0026,55,mot_0009,mot_0028,mot_0009|mot_0028,2,duplicate_suppressed
dup_0027,56,mot_0009,mot_0028,mot_0009|mot_0028,2,duplicate_suppressed
dup_0028,57,mot_0009,mot_0028,mot_0009|mot_0028,2,duplicate_suppressed
dup_0029,58,mot_0009,mot_0028,mot_0009|mot_0028,2,duplicate_suppressed
dup_0030,59,mot_0009,mot_0028,mot_0009|mot_0028,2,duplicate_suppressed
dup_0031,60,mot_0009,mot_0028,mot_0009|mot_0028,2,duplicate_suppressed
dup_0032,61,mot_0009,mot_0028,mot_0009|mot_0028,2,duplicate_suppressed
dup_0033,62,mot_0009,mot_0028,mot_0009|mot_0028,2,duplicate_suppressed
dup_0034,63,mot_0009,mot_0028,mot_0009|mot_0028,2,duplicate_suppressed
dup_0035,64,mot_0009,mot_0028,mot_0009|mot_0028,2,duplicate_suppressed
dup_0036,65,mot_0009,mot_0028,mot_0009|mot_0028,2,duplicate_suppressed
dup_0037,66,mot_0009,mot_0028,mot_0009|mot_0028,2,duplicate_suppressed
dup_0038,67,mot_0009,mot_0028,mot_0009|mot_0028,2,duplicate_suppressed
dup_0039,68,mot_0009,mot_0028,mot_0009|mot_0028,2,duplicate_suppressed
dup_0040,69,mot_0009,mot_0028,mot_0009|mot_0028,2,duplicate_suppressed
dup_0041,70,mot_0009,mot_0028,mot_0009|mot_0028,2,duplicate_suppressed
dup_0042,71,mot_0009,mot_0028,mot_0009|mot_0028,2,duplicate_suppressed
dup_0043,72,mot_0009,mot_0028,mot_0009|mot_0028,2,duplicate_suppressed
dup_0044,73,mot_0009,mot_0028,mot_0009|mot_0028,2,duplicate_suppressed
dup_0045,74,mot_0009,mot_0028,mot_0009|mot_0028,2,duplicate_suppressed
dup_0046,75,mot_0009,mot_0028,mot_0009|mot_0028,2,duplicate_suppressed
dup_0047,76,mot_0009,mot_0028,mot_0009|mot_0028,2,duplicate_suppressed
dup_0048,77,mot_0009,mot_0028,mot_0009|mot_0028,2,duplicate_suppressed
dup_0049,78,mot_0009,mot_0028,mot_0009|mot_0028,2,duplicate_suppressed
dup_0050,79,mot_0009,mot_0028,mot_0009|mot_0028,2,duplicate_suppressed
dup_0051,80,mot_0009,mot_0028,mot_0009|mot_0028,2,duplicate_suppressed
dup_0052,81,mot_0009,mot_0028,mot_0009|mot_0028,2,duplicate_suppressed
dup_0053,82,mot_0009,mot_0028,mot_0009|mot_0028,2,duplicate_suppressed
dup_0054,83,mot_0009,mot_0028,mot_0009|mot_0028,2,duplicate_suppressed
dup_0055,84,mot_0009,mot_0028,mot_0009|mot_0028,2,duplicate_suppressed
dup_0056,85,mot_0009,mot_0028,mot_0009|mot_0028,2,duplicate_suppressed
dup_0057,86,mot_0009,mot_0028,mot_0009|mot_0028,2,duplicate_suppressed
dup_0058,87,mot_0009,mot_0028,mot_0009|mot_0028,2,duplicate_suppressed
dup_0059,88,mot_0009,mot_0028,mot_0009|mot_0028,2,duplicate_suppressed
dup_0060,89,mot_0009,mot_0028,mot_0009|mot_0028,2,duplicate_suppressed
dup_0061,90,mot_0009,mot_0028,mot_0009|mot_0028,2,duplicate_suppressed
dup_0062,91,mot_0009,mot_0028,mot_0009|mot_0028,2,duplicate_suppressed
dup_0063,92,mot_0009,mot_0028,mot_0009|mot_0028,2,duplicate_suppressed
dup_0064,93,mot_0009,mot_0028,mot_0009|mot_0028,2,duplicate_suppressed
dup_0065,94,mot_0009,mot_0028,mot_0009|mot_0028,2,duplicate_suppressed
dup_0066,95,mot_0009,mot_0028,mot_0009|mot_0028,2,duplicate_suppressed
dup_0067,96,mot_0009,mot_0028,mot_0009|mot_0028,2,duplicate_suppressed
dup_0068,97,mot_0009,mot_0028,mot_0009|mot_0028,2,duplicate_suppressed
dup_0069,215,mot_0011,mot_0134,mot_0011|mot_0134,2,duplicate_suppressed
dup_0070,216,mot_0011,mot_0134,mot_0011|mot_0134,2,duplicate_suppressed
dup_0071,217,mot_0011,mot_0134,mot_0011|mot_0134,2,duplicate_suppressed
dup_0072,218,mot_0011,mot_0134,mot_0011|mot_0134,2,duplicate_suppressed
dup_0073,219,mot_0011,mot_0134,mot_0011|mot_0134,2,duplicate_suppressed
dup_0074,220,mot_0011,mot_0134,mot_0011|mot_0134,2,duplicate_suppressed
dup_0075,221,mot_0011,mot_0134,mot_0011|mot_0134,2,duplicate_suppressed
dup_0076,222,mot_0011,mot_0134,mot_0011|mot_0134,2,duplicate_suppressed
dup_0077,223,mot_0011,mot_0134,mot_0011|mot_0134,2,duplicate_suppressed
dup_0078,224,mot_0011,mot_0134,mot_0011|mot_0134,2,duplicate_suppressed
dup_0079,225,mot_0011,mot_0134,mot_0011|mot_0134,2,duplicate_suppressed
dup_0080,226,mot_0011,mot_0134,mot_0011|mot_0134,2,duplicate_suppressed
dup_0081,227,mot_0011,mot_0134,mot_0011|mot_0134,2,duplicate_suppressed
dup_0082,228,mot_0011,mot_0134,mot_0011|mot_0134,2,duplicate_suppressed
dup_0083,229,mot_0011,mot_0134,mot_0011|mot_0134,2,duplicate_suppressed
dup_0084,230,mot_0011,mot_0134,mot_0011|mot_0134,2,duplicate_suppressed
dup_0085,231,mot_0011,mot_0134,mot_0011|mot_0134,2,duplicate_suppressed
dup_0086,232,mot_0011,mot_0134,mot_0011|mot_0134,2,duplicate_suppressed
dup_0087,233,mot_0011,mot_0134,mot_0011|mot_0134,2,duplicate_suppressed
dup_0088,234,mot_0011,mot_0134,mot_0011|mot_0134,2,duplicate_suppressed
dup_0089,235,mot_0011,mot_0134,mot_0011|mot_0134,2,duplicate_suppressed
dup_0090,236,mot_0011,mot_0134,mot_0011|mot_0134,2,duplicate_suppressed
dup_0091,237,mot_0011,mot_0134,mot_0011|mot_0134,2,duplicate_suppressed
dup_0092,238,mot_0011,mot_0134,mot_0011|mot_0134,2,duplicate_suppressed
dup_0093,239,mot_0011,mot_0134,mot_0011|mot_0134,2,duplicate_suppressed
dup_0094,240,mot_0011,mot_0134,mot_0011|mot_0134,2,duplicate_suppressed
dup_0095,241,mot_0011,mot_0134,mot_0011|mot_0134,2,duplicate_suppressed
dup_0096,242,mot_0011,mot_0134,mot_0011|mot_0134,2,duplicate_suppressed
dup_0097,243,mot_0011,mot_0134,mot_0011|mot_0134,2,duplicate_suppressed
dup_0098,244,mot_0011,mot_0134,mot_0011|mot_0134,2,duplicate_suppressed
dup_0099,245,mot_0011,mot_0134,mot_0011|mot_0134,2,duplicate_suppressed
dup_0100,246,mot_0011,mot_0134,mot_0011|mot_0134,2,duplicate_suppressed
dup_0101,247,mot_0011,mot_0134,mot_0011|mot_0134,2,duplicate_suppressed
dup_0102,248,mot_0011,mot_0134,mot_0011|mot_0134,2,duplicate_suppressed
dup_0103,249,mot_0011,mot_0134,mot_0011|mot_0134,2,duplicate_suppressed
dup_0104,250,mot_0011,mot_0134,mot_0011|mot_0134,2,duplicate_suppressed
dup_0105,251,mot_0011,mot_0134,mot_0011|mot_0134,2,duplicate_suppressed
dup_0106,252,mot_0011,mot_0134,mot_0011|mot_0134,2,duplicate_suppressed
dup_0107,253,mot_0011,mot_0134,mot_0011|mot_0134,2,duplicate_suppressed
dup_0108,254,mot_0011,mot_0134,mot_0011|mot_0134,2,duplicate_suppressed
dup_0109,255,mot_0011,mot_0134,mot_0011|mot_0134,2,duplicate_suppressed
dup_0110,256,mot_0011,mot_0134,mot_0011|mot_0134,2,duplicate_suppressed
dup_0111,257,mot_0011,mot_0134,mot_0011|mot_0134,2,duplicate_suppressed
dup_0112,258,mot_0011,mot_0134,mot_0011|mot_0134,2,duplicate_suppressed
dup_0113,259,mot_0011,mot_0134,mot_0011|mot_0134,2,duplicate_suppressed
dup_0114,260,mot_0011,mot_0134,mot_0011|mot_0134,2,duplicate_suppressed
dup_0115,261,mot_0011,mot_0134,mot_0011|mot_0134,2,duplicate_suppressed
dup_0116,262,mot_0011,mot_0134,mot_0011|mot_0134,2,duplicate_suppressed
dup_0117,263,mot_0011,mot_0134,mot_0011|mot_0134,2,duplicate_suppressed
dup_0118,264,mot_0011,mot_0134,mot_0011|mot_0134,2,duplicate_suppressed
dup_0119,265,mot_0011,mot_0134,mot_0011|mot_0134,2,duplicate_suppressed
dup_0120,266,mot_0011,mot_0134,mot_0011|mot_0134,2,duplicate_suppressed
dup_0121,267,mot_0011,mot_0134,mot_0011|mot_0134,2,duplicate_suppressed
dup_0122,268,mot_0011,mot_0134,mot_0011|mot_0134,2,duplicate_suppressed
dup_0123,269,mot_0011,mot_0134,mot_0011|mot_0134,2,duplicate_suppressed
dup_0124,270,mot_0011,mot_0134,mot_0011|mot_0134,2,duplicate_suppressed
dup_0125,271,mot_0011,mot_0134,mot_0011|mot_0134,2,duplicate_suppressed
dup_0126,272,mot_0011,mot_0134,mot_0011|mot_0134,2,duplicate_suppressed
dup_0127,273,mot_0011,mot_0134,mot_0011|mot_0134,2,duplicate_suppressed
dup_0128,274,mot_0011,mot_0134,mot_0011|mot_0134,2,duplicate_suppressed
dup_0129,275,mot_0011,mot_0134,mot_0011|mot_0134,2,duplicate_suppressed
dup_0130,276,mot_0011,mot_0134,mot_0011|mot_0134,2,duplicate_suppressed
dup_0131,277,mot_0011,mot_0134,mot_0011|mot_0134,2,duplicate_suppressed
dup_0132,278,mot_0011,mot_0134,mot_0011|mot_0134,2,duplicate_suppressed
dup_0133,279,mot_0011,mot_0134,mot_0011|mot_0134,2,duplicate_suppressed
dup_0134,280,mot_0011,mot_0134,mot_0011|mot_0134,2,duplicate_suppressed
dup_0135,281,mot_0011,mot_0134,mot_0011|mot_0134,2,duplicate_suppressed
dup_0136,282,mot_0011,mot_0134,mot_0011|mot_0134,2,duplicate_suppressed
dup_0137,283,mot_0011,mot_0134,mot_0011|mot_0134,2,duplicate_suppressed
dup_0138,284,mot_0011,mot_0134,mot_0011|mot_0134,2,duplicate_suppressed
dup_0139,285,mot_0011,mot_0134,mot_0011|mot_0134,2,duplicate_suppressed
dup_0140,286,mot_0011,mot_0134,mot_0011|mot_0134,2,duplicate_suppressed
dup_0141,287,mot_0011,mot_0134,mot_0011|mot_0134,2,duplicate_suppressed
dup_0142,288,mot_0011,mot_0134,mot_0011|mot_0134,2,duplicate_suppressed
dup_0143,289,mot_0011,mot_0134,mot_0011|mot_0134,2,duplicate_suppressed
dup_0144,290,mot_0011,mot_0134,mot_0011|mot_0134,2,duplicate_suppressed
dup_0145,291,mot_0011,mot_0134,mot_0011|mot_0134,2,duplicate_suppressed
dup_0146,292,mot_0011,mot_0134,mot_0011|mot_0134,2,duplicate_suppressed
dup_0147,293,mot_0011,mot_0134,mot_0011|mot_0134,2,duplicate_suppressed
dup_0148,294,mot_0011,mot_0134,mot_0011|mot_0134,2,duplicate_suppressed
dup_0149,295,mot_0011,mot_0134,mot_0011|mot_0134,2,duplicate_suppressed
dup_0150,296,mot_0011,mot_0134,mot_0011|mot_0134,2,duplicate_suppressed
dup_0151,297,mot_0011,mot_0134,mot_0011|mot_0134,2,duplicate_suppressed
dup_0152,298,mot_0011,mot_0134,mot_0011|mot_0134,2,duplicate_suppressed
dup_0153,299,mot_0011,mot_0134,mot_0011|mot_0134,2,duplicate_suppressed
dup_0154,300,mot_0011,mot_0134,mot_0011|mot_0134,2,duplicate_suppressed
dup_0155,301,mot_0011,mot_0134,mot_0011|mot_0134,2,duplicate_suppressed
dup_0156,302,mot_0011,mot_0134,mot_0011|mot_0134,2,duplicate_suppressed
dup_0157,303,mot_0011,mot_0134,mot_0011|mot_0134,2,duplicate_suppressed
dup_0158,304,mot_0011,mot_0134,mot_0011|mot_0134,2,duplicate_suppressed
dup_0159,305,mot_0011,mot_0134,mot_0011|mot_0134,2,duplicate_suppressed
dup_0160,306,mot_0011,mot_0134,mot_0011|mot_0134,2,duplicate_suppressed
dup_0161,307,mot_0011,mot_0134,mot_0011|mot_0134,2,duplicate_suppressed
dup_0162,308,mot_0011,mot_0134,mot_0011|mot_0134,2,duplicate_suppressed
dup_0163,309,mot_0011,mot_0134,mot_0011|mot_0134,2,duplicate_suppressed
dup_0164,310,mot_0011,mot_0134,mot_0011|mot_0134,2,duplicate_suppressed
dup_0165,311,mot_0011,mot_0134,mot_0011|mot_0134,2,duplicate_suppressed
dup_0166,312,mot_0011,mot_0134,mot_0011|mot_0134,2,duplicate_suppressed
dup_0167,313,mot_0011,mot_0134,mot_0011|mot_0134,2,duplicate_suppressed
dup_0168,314,mot_0011,mot_0134,mot_0011|mot_0134,2,duplicate_suppressed
dup_0169,315,mot_0011,mot_0134,mot_0011|mot_0134,2,duplicate_suppressed
dup_0170,316,mot_0011,mot_0134,mot_0011|mot_0134,2,duplicate_suppressed
dup_0171,317,mot_0011,mot_0134,mot_0011|mot_0134,2,duplicate_suppressed
dup_0172,318,mot_0011,mot_0134,mot_0011|mot_0134,2,duplicate_suppressed
dup_0173,319,mot_0011,mot_0134,mot_0011|mot_0134,2,duplicate_suppressed
dup_0174,320,mot_0011,mot_0134,mot_0011|mot_0134,2,duplicate_suppressed
dup_0175,321,mot_0011,mot_0134,mot_0011|mot_0134,2,duplicate_suppressed
dup_0176,322,mot_0011,mot_0134,mot_0011|mot_0134,2,duplicate_suppressed
dup_0177,323,mot_0011,mot_0134,mot_0011|mot_0134,2,duplicate_suppressed
dup_0178,324,mot_0011,mot_0134,mot_0011|mot_0134,2,duplicate_suppressed
dup_0179,325,mot_0011,mot_0134,mot_0011|mot_0134,2,duplicate_suppressed
dup_0180,326,mot_0011,mot_0134,mot_0011|mot_0134,2,duplicate_suppressed
dup_0181,327,mot_0011,mot_0134,mot_0011|mot_0134,2,duplicate_suppressed
dup_0182,328,mot_0011,mot_0134,mot_0011|mot_0134,2,duplicate_suppressed
dup_0183,329,mot_0011,mot_0134,mot_0011|mot_0134,2,duplicate_suppressed
dup_0184,330,mot_0011,mot_0134,mot_0011|mot_0134,2,duplicate_suppressed
dup_0185,331,mot_0011,mot_0134,mot_0011|mot_0134,2,duplicate_suppressed
dup_0186,332,mot_0011,mot_0134,mot_0011|mot_0134,2,duplicate_suppressed
dup_0187,333,mot_0011,mot_0134,mot_0011|mot_0134,2,duplicate_suppressed
dup_0188,334,mot_0011,mot_0134,mot_0011|mot_0134,2,duplicate_suppressed
dup_0189,335,mot_0011,mot_0134,mot_0011|mot_0134,2,duplicate_suppressed
dup_0190,336,mot_0011,mot_0134,mot_0011|mot_0134,2,duplicate_suppressed
dup_0191,337,mot_0011,mot_0134,mot_0011|mot_0134,2,duplicate_suppressed
dup_0192,338,mot_0011,mot_0134,mot_0011|mot_0134,2,duplicate_suppressed
dup_0193,339,mot_0011,mot_0134,mot_0011|mot_0134,2,duplicate_suppressed
dup_0194,340,mot_0011,mot_0134,mot_0011|mot_0134,2,duplicate_suppressed
dup_0195,341,mot_0011,mot_0134,mot_0011|mot_0134,2,duplicate_suppressed
dup_0196,342,mot_0011,mot_0134,mot_0011|mot_0134,2,duplicate_suppressed
dup_0197,343,mot_0011,mot_0134,mot_0011|mot_0134,2,duplicate_suppressed
dup_0198,344,mot_0011,mot_0134,mot_0011|mot_0134,2,duplicate_suppressed
dup_0199,345,mot_0011,mot_0134,mot_0011|mot_0134,2,duplicate_suppressed
dup_0200,346,mot_0011,mot_0134,mot_0011|mot_0134,2,duplicate_suppressed
dup_0201,347,mot_0011,mot_0134,mot_0011|mot_0134,2,duplicate_suppressed
dup_0202,348,mot_0011,mot_0134,mot_0011|mot_0134,2,duplicate_suppressed
dup_0203,349,mot_0011,mot_0134,mot_0011|mot_0134,2,duplicate_suppressed
dup_0204,350,mot_0011,mot_0134,mot_0011|mot_0134,2,duplicate_suppressed
dup_0205,351,mot_0011,mot_0134,mot_0011|mot_0134,2,duplicate_suppressed
dup_0206,352,mot_0011,mot_0134,mot_0011|mot_0134,2,duplicate_suppressed
dup_0207,353,mot_0011,mot_0134,mot_0011|mot_0134,2,duplicate_suppressed
dup_0208,354,mot_0011,mot_0134,mot_0011|mot_0134,2,duplicate_suppressed
dup_0209,355,mot_0011,mot_0134,mot_0011|mot_0134,2,duplicate_suppressed
dup_0210,356,mot_0011,mot_0134,mot_0011|mot_0134,2,duplicate_suppressed
dup_0211,357,mot_0011,mot_0134,mot_0011|mot_0134,2,duplicate_suppressed
dup_0212,358,mot_0011,mot_0134,mot_0011|mot_0134,2,duplicate_suppressed
dup_0213,359,mot_0011,mot_0134,mot_0011|mot_0134,2,duplicate_suppressed
dup_0214,360,mot_0011,mot_0134,mot_0011|mot_0134,2,duplicate_suppressed
dup_0215,361,mot_0011,mot_0134,mot_0011|mot_0134,2,duplicate_suppressed
dup_0216,362,mot_0011,mot_0134,mot_0011|mot_0134,2,duplicate_suppressed
dup_0217,363,mot_0011,mot_0134,mot_0011|mot_0134,2,duplicate_suppressed
dup_0218,364,mot_0011,mot_0134,mot_0011|mot_0134,2,duplicate_suppressed
dup_0219,365,mot_0011,mot_0134,mot_0011|mot_0134,2,duplicate_suppressed
dup_0220,366,mot_0011,mot_0134,mot_0011|mot_0134,2,duplicate_suppressed
dup_0221,367,mot_0011,mot_0134,mot_0011|mot_0134,2,duplicate_suppressed
dup_0222,368,mot_0011,mot_0134,mot_0011|mot_0134,2,duplicate_suppressed
dup_0223,369,mot_0011,mot_0134,mot_0011|mot_0134,2,duplicate_suppressed
dup_0224,370,mot_0011,mot_0134,mot_0011|mot_0134,2,duplicate_suppressed
dup_0225,371,mot_0011,mot_0134,mot_0011|mot_0134,2,duplicate_suppressed
dup_0226,372,mot_0011,mot_0134,mot_0011|mot_0134,2,duplicate_suppressed
dup_0227,373,mot_0011,mot_0134,mot_0011|mot_0134,2,duplicate_suppressed
dup_0228,374,mot_0011,mot_0134,mot_0011|mot_0134,2,duplicate_suppressed
dup_0229,375,mot_0011,mot_0134,mot_0011|mot_0134,2,duplicate_suppressed
dup_0230,376,mot_0011,mot_0134,mot_0011|mot_0134,2,duplicate_suppressed
dup_0231,377,mot_0011,mot_0134,mot_0011|mot_0134,2,duplicate_suppressed
dup_0232,378,mot_0011,mot_0134,mot_0011|mot_0134,2,duplicate_suppressed
dup_0233,379,mot_0011,mot_0134,mot_0011|mot_0134,2,duplicate_suppressed
dup_0234,380,mot_0011,mot_0134,mot_0011|mot_0134,2,duplicate_suppressed
dup_0235,381,mot_0011,mot_0134,mot_0011|mot_0134,2,duplicate_suppressed
dup_0236,382,mot_0011,mot_0134,mot_0011|mot_0134,2,duplicate_suppressed
dup_0237,383,mot_0011,mot_0134,mot_0011|mot_0134,2,duplicate_suppressed
dup_0238,384,mot_0011,mot_0134,mot_0011|mot_0134,2,duplicate_suppressed
dup_0239,385,mot_0011,mot_0134,mot_0011|mot_0134,2,duplicate_suppressed
dup_0240,386,mot_0011,mot_0134,mot_0011|mot_0134,2,duplicate_suppressed
dup_0241,387,mot_0011,mot_0134,mot_0011|mot_0134,2,duplicate_suppressed
dup_0242,388,mot_0011,mot_0134,mot_0011|mot_0134,2,duplicate_suppressed
dup_0243,389,mot_0011,mot_0134,mot_0011|mot_0134,2,duplicate_suppressed
dup_0244,390,mot_0011,mot_0134,mot_0011|mot_0134,2,duplicate_suppressed
dup_0245,391,mot_0011,mot_0134,mot_0011|mot_0134,2,duplicate_suppressed
dup_0246,392,mot_0011,mot_0134,mot_0011|mot_0134,2,duplicate_suppressed
dup_0247,393,mot_0011,mot_0134,mot_0011|mot_0134,2,duplicate_suppressed
dup_0248,394,mot_0011,mot_0134,mot_0011|mot_0134,2,duplicate_suppressed
dup_0249,395,mot_0011,mot_0134,mot_0011|mot_0134,2,duplicate_suppressed
dup_0250,396,mot_0011,mot_0134,mot_0011|mot_0134,2,duplicate_suppressed
dup_0251,397,mot_0011,mot_0134,mot_0011|mot_0134,2,duplicate_suppressed
dup_0252,398,mot_0011,mot_0134,mot_0011|mot_0134,2,duplicate_suppressed
dup_0253,399,mot_0011,mot_0134,mot_0011|mot_0134,2,duplicate_suppressed
dup_0254,400,mot_0011,mot_0134,mot_0011|mot_0134,2,duplicate_suppressed
dup_0255,401,mot_0011,mot_0134,mot_0011|mot_0134,2,duplicate_suppressed
dup_0256,402,mot_0011,mot_0134,mot_0011|mot_0134,2,duplicate_suppressed
dup_0257,403,mot_0011,mot_0134,mot_0011|mot_0134,2,duplicate_suppressed
dup_0258,404,mot_0011,mot_0134,mot_0011|mot_0134,2,duplicate_suppressed
dup_0259,405,mot_0011,mot_0134,mot_0011|mot_0134,2,duplicate_suppressed
dup_0260,406,mot_0011,mot_0134,mot_0011|mot_0134,2,duplicate_suppressed
dup_0261,407,mot_0011,mot_0134,mot_0011|mot_0134,2,duplicate_suppressed
dup_0262,408,mot_0011,mot_0134,mot_0011|mot_0134,2,duplicate_suppressed
dup_0263,409,mot_0011,mot_0134,mot_0011|mot_0134,2,duplicate_suppressed
dup_0264,410,mot_0011,mot_0134,mot_0011|mot_0134,2,duplicate_suppressed
dup_0265,411,mot_0011,mot_0134,mot_0011|mot_0134,2,duplicate_suppressed
dup_0266,412,mot_0011,mot_0134,mot_0011|mot_0134,2,duplicate_suppressed
dup_0267,413,mot_0011,mot_0134,mot_0011|mot_0134,2,duplicate_suppressed
dup_0268,414,mot_0011,mot_0134,mot_0011|mot_0134,2,duplicate_suppressed
dup_0269,415,mot_0011,mot_0134,mot_0011|mot_0134,2,duplicate_suppressed
dup_0270,416,mot_0011,mot_0134,mot_0011|mot_0134,2,duplicate_suppressed
dup_0271,417,mot_0011,mot_0134,mot_0011|mot_0134,2,duplicate_suppressed
dup_0272,418,mot_0011,mot_0134,mot_0011|mot_0134,2,duplicate_suppressed
dup_0273,419,mot_0011,mot_0134,mot_0011|mot_0134,2,duplicate_suppressed
dup_0274,420,mot_0011,mot_0134,mot_0011|mot_0134,2,duplicate_suppressed
dup_0275,421,mot_0011,mot_0134,mot_0011|mot_0134,2,duplicate_suppressed
dup_0276,422,mot_0011,mot_0134,mot_0011|mot_0134,2,duplicate_suppressed
dup_0277,423,mot_0011,mot_0134,mot_0011|mot_0134,2,duplicate_suppressed
dup_0278,424,mot_0011,mot_0134,mot_0011|mot_0134,2,duplicate_suppressed
dup_0279,425,mot_0011,mot_0134,mot_0011|mot_0134,2,duplicate_suppressed
dup_0280,426,mot_0011,mot_0134,mot_0011|mot_0134,2,duplicate_suppressed
dup_0281,427,mot_0011,mot_0134,mot_0011|mot_0134,2,duplicate_suppressed
dup_0282,428,mot_0011,mot_0134,mot_0011|mot_0134,2,duplicate_suppressed
dup_0283,429,mot_0011,mot_0134,mot_0011|mot_0134,2,duplicate_suppressed
dup_0284,430,mot_0011,mot_0134,mot_0011|mot_0134,2,duplicate_suppressed
dup_0285,431,mot_0011,mot_0134,mot_0011|mot_0134,2,duplicate_suppressed
dup_0286,432,mot_0011,mot_0134,mot_0011|mot_0134,2,duplicate_suppressed
dup_0287,433,mot_0011,mot_0134,mot_0011|mot_0134,2,duplicate_suppressed
dup_0288,434,mot_0011,mot_0134,mot_0011|mot_0134,2,duplicate_suppressed
dup_0289,435,mot_0011,mot_0134,mot_0011|mot_0134,2,duplicate_suppressed
dup_0290,436,mot_0011,mot_0134,mot_0011|mot_0134,2,duplicate_suppressed
dup_0291,437,mot_0011,mot_0134,mot_0011|mot_0134,2,duplicate_suppressed
dup_0292,438,mot_0011,mot_0134,mot_0011|mot_0134,2,duplicate_suppressed
dup_0293,439,mot_0011,mot_0134,mot_0011|mot_0134,2,duplicate_suppressed
dup_0294,440,mot_0011,mot_0134,mot_0011|mot_0134,2,duplicate_suppressed
dup_0295,441,mot_0011,mot_0134,mot_0011|mot_0134,2,duplicate_suppressed
dup_0296,442,mot_0011,mot_0134,mot_0011|mot_0134,2,duplicate_suppressed
dup_0297,443,mot_0011,mot_0134,mot_0011|mot_0134,2,duplicate_suppressed
dup_0298,444,mot_0011,mot_0134,mot_0011|mot_0134,2,duplicate_suppressed
dup_0299,445,mot_0011,mot_0134,mot_0011|mot_0134,2,duplicate_suppressed
dup_0300,446,mot_0011,mot_0134,mot_0011|mot_0134,2,duplicate_suppressed
dup_0301,447,mot_0011,mot_0134,mot_0011|mot_0134,2,duplicate_suppressed
dup_0302,448,mot_0011,mot_0134,mot_0011|mot_0134,2,duplicate_suppressed
dup_0303,449,mot_0011,mot_0134,mot_0011|mot_0134,2,duplicate_suppressed
dup_0304,450,mot_0011,mot_0134,mot_0011|mot_0134,2,duplicate_suppressed
dup_0305,451,mot_0011,mot_0134,mot_0011|mot_0134,2,duplicate_suppressed
dup_0306,452,mot_0011,mot_0134,mot_0011|mot_0134,2,duplicate_suppressed
dup_0307,453,mot_0011,mot_0134,mot_0011|mot_0134,2,duplicate_suppressed
dup_0308,454,mot_0011,mot_0134,mot_0011|mot_0134,2,duplicate_suppressed
dup_0309,455,mot_0011,mot_0134,mot_0011|mot_0134,2,duplicate_suppressed
dup_0310,456,mot_0011,mot_0134,mot_0011|mot_0134,2,duplicate_suppressed
dup_0311,457,mot_0011,mot_0134,mot_0011|mot_0134,2,duplicate_suppressed
dup_0312,458,mot_0011,mot_0134,mot_0011|mot_0134,2,duplicate_suppressed
dup_0313,459,mot_0011,mot_0134,mot_0011|mot_0134,2,duplicate_suppressed
dup_0314,460,mot_0011,mot_0134,mot_0011|mot_0134,2,duplicate_suppressed
dup_0315,461,mot_0011,mot_0134,mot_0011|mot_0134,2,duplicate_suppressed
dup_0316,462,mot_0011,mot_0134,mot_0011|mot_0134,2,duplicate_suppressed
dup_0317,463,mot_0011,mot_0134,mot_0011|mot_0134,2,duplicate_suppressed
dup_0318,464,mot_0011,mot_0134,mot_0011|mot_0134,2,duplicate_suppressed
dup_0319,465,mot_0011,mot_0134,mot_0011|mot_0134,2,duplicate_suppressed
dup_0320,466,mot_0011,mot_0134,mot_0011|mot_0134,2,duplicate_suppressed
dup_0321,467,mot_0011,mot_0134,mot_0011|mot_0134,2,duplicate_suppressed
dup_0322,468,mot_0011,mot_0134,mot_0011|mot_0134,2,duplicate_suppressed
dup_0323,469,mot_0011,mot_0134,mot_0011|mot_0134,2,duplicate_suppressed
dup_0324,470,mot_0011,mot_0134,mot_0011|mot_0134,2,duplicate_suppressed
dup_0325,471,mot_0011,mot_0134,mot_0011|mot_0134,2,duplicate_suppressed
dup_0326,472,mot_0011,mot_0134,mot_0011|mot_0134,2,duplicate_suppressed
dup_0327,473,mot_0011,mot_0134,mot_0011|mot_0134,2,duplicate_suppressed
dup_0328,474,mot_0011,mot_0134,mot_0011|mot_0134,2,duplicate_suppressed
dup_0329,475,mot_0011,mot_0134,mot_0011|mot_0134,2,duplicate_suppressed
dup_0330,476,mot_0011,mot_0134,mot_0011|mot_0134,2,duplicate_suppressed
dup_0331,477,mot_0011,mot_0134,mot_0011|mot_0134,2,duplicate_suppressed
dup_0332,478,mot_0011,mot_0134,mot_0011|mot_0134,2,duplicate_suppressed
dup_0333,479,mot_0011,mot_0134,mot_0011|mot_0134,2,duplicate_suppressed
dup_0334,480,mot_0011,mot_0134,mot_0011|mot_0134,2,duplicate_suppressed
dup_0335,481,mot_0011,mot_0134,mot_0011|mot_0134,2,duplicate_suppressed
dup_0336,482,mot_0011,mot_0134,mot_0011|mot_0134,2,duplicate_suppressed
dup_0337,483,mot_0011,mot_0134,mot_0011|mot_0134,2,duplicate_suppressed
dup_0338,484,mot_0011,mot_0134,mot_0011|mot_0134,2,duplicate_suppressed
dup_0339,485,mot_0011,mot_0134,mot_0011|mot_0134,2,duplicate_suppressed
dup_0340,486,mot_0011,mot_0134,mot_0011|mot_0134,2,duplicate_suppressed
dup_0341,487,mot_0011,mot_0134,mot_0011|mot_0134,2,duplicate_suppressed
dup_0342,488,mot_0011,mot_0134,mot_0011|mot_0134,2,duplicate_suppressed
dup_0343,489,mot_0011,mot_0134,mot_0011|mot_0134,2,duplicate_suppressed
dup_0344,490,mot_0011,mot_0134,mot_0011|mot_0134,2,duplicate_suppressed
dup_0345,491,mot_0011,mot_0134,mot_0011|mot_0134,2,duplicate_suppressed
dup_0346,492,mot_0011,mot_0134,mot_0011|mot_0134,2,duplicate_suppressed
dup_0347,493,mot_0011,mot_0134,mot_0011|mot_0134,2,duplicate_suppressed
dup_0348,494,mot_0011,mot_0134,mot_0011|mot_0134,2,duplicate_suppressed
dup_0349,495,mot_0011,mot_0134,mot_0011|mot_0134,2,duplicate_suppressed
dup_0350,496,mot_0011,mot_0134,mot_0011|mot_0134,2,duplicate_suppressed
dup_0351,497,mot_0011,mot_0134,mot_0011|mot_0134,2,duplicate_suppressed
dup_0352,498,mot_0011,mot_0134,mot_0011|mot_0134,2,duplicate_suppressed
dup_0353,499,mot_0011,mot_0134,mot_0011|mot_0134,2,duplicate_suppressed
dup_0354,500,mot_0011,mot_0134,mot_0011|mot_0134,2,duplicate_suppressed
dup_0355,501,mot_0011,mot_0134,mot_0011|mot_0134,2,duplicate_suppressed
dup_0356,502,mot_0011,mot_0134,mot_0011|mot_0134,2,duplicate_suppressed
dup_0357,503,mot_0011,mot_0134,mot_0011|mot_0134,2,duplicate_suppressed
dup_0358,504,mot_0011,mot_0134,mot_0011|mot_0134,2,duplicate_suppressed
dup_0359,505,mot_0011,mot_0134,mot_0011|mot_0134,2,duplicate_suppressed
dup_0360,506,mot_0011,mot_0134,mot_0011|mot_0134,2,duplicate_suppressed
dup_0361,507,mot_0011,mot_0134,mot_0011|mot_0134,2,duplicate_suppressed
dup_0362,508,mot_0011,mot_0134,mot_0011|mot_0134,2,duplicate_suppressed
dup_0363,509,mot_0011,mot_0134,mot_0011|mot_0134,2,duplicate_suppressed
dup_0364,510,mot_0011,mot_0134,mot_0011|mot_0134,2,duplicate_suppressed
dup_0365,511,mot_0011,mot_0134,mot_0011|mot_0134,2,duplicate_suppressed
dup_0366,512,mot_0011,mot_0134,mot_0011|mot_0134,2,duplicate_suppressed
dup_0367,513,mot_0011,mot_0134,mot_0011|mot_0134,2,duplicate_suppressed
dup_0368,514,mot_0011,mot_0134,mot_0011|mot_0134,2,duplicate_suppressed
dup_0369,515,mot_0011,mot_0134,mot_0011|mot_0134,2,duplicate_suppressed
dup_0370,516,mot_0011,mot_0134,mot_0011|mot_0134,2,duplicate_suppressed
dup_0371,517,mot_0011,mot_0134,mot_0011|mot_0134,2,duplicate_suppressed
dup_0372,518,mot_0011,mot_0134,mot_0011|mot_0134,2,duplicate_suppressed
dup_0373,519,mot_0011,mot_0134,mot_0011|mot_0134,2,duplicate_suppressed
dup_0374,520,mot_0011,mot_0134,mot_0011|mot_0134,2,duplicate_suppressed
dup_0375,521,mot_0011,mot_0134,mot_0011|mot_0134,2,duplicate_suppressed
dup_0376,522,mot_0011,mot_0134,mot_0011|mot_0134,2,duplicate_suppressed
dup_0377,523,mot_0011,mot_0134,mot_0011|mot_0134,2,duplicate_suppressed
dup_0378,524,mot_0011,mot_0134,mot_0011|mot_0134,2,duplicate_suppressed
dup_0379,525,mot_0011,mot_0134,mot_0011|mot_0134,2,duplicate_suppressed
dup_0380,526,mot_0011,mot_0134,mot_0011|mot_0134,2,duplicate_suppressed
dup_0381,527,mot_0011,mot_0134,mot_0011|mot_0134,2,duplicate_suppressed
dup_0382,528,mot_0011,mot_0134,mot_0011|mot_0134,2,duplicate_suppressed
dup_0383,529,mot_0011,mot_0134,mot_0011|mot_0134,2,duplicate_suppressed
dup_0384,530,mot_0011,mot_0134,mot_0011|mot_0134,2,duplicate_suppressed
dup_0385,531,mot_0011,mot_0134,mot_0011|mot_0134,2,duplicate_suppressed
dup_0386,532,mot_0011,mot_0134,mot_0011|mot_0134,2,duplicate_suppressed
dup_0387,533,mot_0011,mot_0134,mot_0011|mot_0134,2,duplicate_suppressed
dup_0388,534,mot_0011,mot_0134,mot_0011|mot_0134,2,duplicate_suppressed
dup_0389,535,mot_0011,mot_0134,mot_0011|mot_0134,2,duplicate_suppressed
dup_0390,536,mot_0011,mot_0134,mot_0011|mot_0134,2,duplicate_suppressed
dup_0391,537,mot_0011,mot_0134,mot_0011|mot_0134,2,duplicate_suppressed
dup_0392,538,mot_0011,mot_0134,mot_0011|mot_0134,2,duplicate_suppressed
dup_0393,539,mot_0011,mot_0134,mot_0011|mot_0134,2,duplicate_suppressed
dup_0394,540,mot_0011,mot_0134,mot_0011|mot_0134,2,duplicate_suppressed
dup_0395,541,mot_0011,mot_0134,mot_0011|mot_0134,2,duplicate_suppressed
dup_0396,542,mot_0011,mot_0134,mot_0011|mot_0134,2,duplicate_suppressed
dup_0397,543,mot_0011,mot_0134,mot_0011|mot_0134,2,duplicate_suppressed
dup_0398,544,mot_0011,mot_0134,mot_0011|mot_0134,2,duplicate_suppressed
dup_0399,545,mot_0011,mot_0134,mot_0011|mot_0134,2,duplicate_suppressed
dup_0400,546,mot_0011,mot_0134,mot_0011|mot_0134,2,duplicate_suppressed
dup_0401,547,mot_0011,mot_0134,mot_0011|mot_0134,2,duplicate_suppressed
dup_0402,548,mot_0011,mot_0134,mot_0011|mot_0134,2,duplicate_suppressed
dup_0403,549,mot_0011,mot_0134,mot_0011|mot_0134,2,duplicate_suppressed
dup_0404,550,mot_0011,mot_0134,mot_0011|mot_0134,2,duplicate_suppressed
dup_0405,551,mot_0011,mot_0134,mot_0011|mot_0134,2,duplicate_suppressed
dup_0406,552,mot_0011,mot_0134,mot_0011|mot_0134,2,duplicate_suppressed
dup_0407,553,mot_0011,mot_0134,mot_0011|mot_0134,2,duplicate_suppressed
dup_0408,554,mot_0011,mot_0134,mot_0011|mot_0134,2,duplicate_suppressed
dup_0409,555,mot_0011,mot_0134,mot_0011|mot_0134,2,duplicate_suppressed
dup_0410,556,mot_0011,mot_0134,mot_0011|mot_0134,2,duplicate_suppressed
dup_0411,557,mot_0011,mot_0134,mot_0011|mot_0134,2,duplicate_suppressed
dup_0412,558,mot_0011,mot_0134,mot_0011|mot_0134,2,duplicate_suppressed
dup_0413,559,mot_0011,mot_0134,mot_0011|mot_0134,2,duplicate_suppressed
dup_0414,560,mot_0011,mot_0134,mot_0011|mot_0134,2,duplicate_suppressed
dup_0415,561,mot_0011,mot_0134,mot_0011|mot_0134,2,duplicate_suppressed
dup_0416,562,mot_0011,mot_0134,mot_0011|mot_0134,2,duplicate_suppressed
dup_0417,563,mot_0011,mot_0134,mot_0011|mot_0134,2,duplicate_suppressed
dup_0418,564,mot_0011,mot_0134,mot_0011|mot_0134,2,duplicate_suppressed
dup_0419,565,mot_0011,mot_0134,mot_0011|mot_0134,2,duplicate_suppressed
dup_0420,566,mot_0011,mot_0134,mot_0011|mot_0134,2,duplicate_suppressed
dup_0421,567,mot_0011,mot_0134,mot_0011|mot_0134,2,duplicate_suppressed
dup_0422,568,mot_0011,mot_0134,mot_0011|mot_0134,2,duplicate_suppressed
dup_0423,569,mot_0011,mot_0134,mot_0011|mot_0134,2,duplicate_suppressed
dup_0424,570,mot_0011,mot_0134,mot_0011|mot_0134,2,duplicate_suppressed
dup_0425,571,mot_0011,mot_0134,mot_0011|mot_0134,2,duplicate_suppressed
dup_0426,572,mot_0011,mot_0134,mot_0011|mot_0134,2,duplicate_suppressed
dup_0427,573,mot_0011,mot_0134,mot_0011|mot_0134,2,duplicate_suppressed
dup_0428,574,mot_0011,mot_0134,mot_0011|mot_0134,2,duplicate_suppressed
dup_0429,575,mot_0011,mot_0134,mot_0011|mot_0134,2,duplicate_suppressed
dup_0430,576,mot_0011,mot_0134,mot_0011|mot_0134,2,duplicate_suppressed
dup_0431,577,mot_0011,mot_0134,mot_0011|mot_0134,2,duplicate_suppressed
dup_0432,578,mot_0011,mot_0134,mot_0011|mot_0134,2,duplicate_suppressed
dup_0433,579,mot_0011,mot_0134,mot_0011|mot_0134,2,duplicate_suppressed
dup_0434,580,mot_0011,mot_0134,mot_0011|mot_0134,2,duplicate_suppressed
dup_0435,581,mot_0011,mot_0134,mot_0011|mot_0134,2,duplicate_suppressed
dup_0436,582,mot_0011,mot_0134,mot_0011|mot_0134,2,duplicate_suppressed
dup_0437,583,mot_0011,mot_0134,mot_0011|mot_0134,2,duplicate_suppressed
dup_0438,584,mot_0011,mot_0134,mot_0011|mot_0134,2,duplicate_suppressed
dup_0439,585,mot_0011,mot_0134,mot_0011|mot_0134,2,duplicate_suppressed
dup_0440,586,mot_0011,mot_0134,mot_0011|mot_0134,2,duplicate_suppressed
dup_0441,587,mot_0011,mot_0134,mot_0011|mot_0134,2,duplicate_suppressed
dup_0442,588,mot_0011,mot_0134,mot_0011|mot_0134,2,duplicate_suppressed
dup_0443,589,mot_0011,mot_0134,mot_0011|mot_0134,2,duplicate_suppressed
dup_0444,590,mot_0011,mot_0134,mot_0011|mot_0134,2,duplicate_suppressed
dup_0445,591,mot_0011,mot_0134,mot_0011|mot_0134,2,duplicate_suppressed
dup_0446,592,mot_0011,mot_0134,mot_0011|mot_0134,2,duplicate_suppressed
dup_0447,593,mot_0011,mot_0134,mot_0011|mot_0134,2,duplicate_suppressed
dup_0448,594,mot_0011,mot_0134,mot_0011|mot_0134,2,duplicate_suppressed
dup_0449,595,mot_0011,mot_0134,mot_0011|mot_0134,2,duplicate_suppressed
dup_0450,596,mot_0011,mot_0134,mot_0011|mot_0134,2,duplicate_suppressed
dup_0451,597,mot_0011,mot_0134,mot_0011|mot_0134,2,duplicate_suppressed
dup_0452,598,mot_0011,mot_0134,mot_0011|mot_0134,2,duplicate_suppressed
dup_0453,599,mot_0011,mot_0134,mot_0011|mot_0134,2,duplicate_suppressed
dup_0454,600,mot_0011,mot_0134,mot_0011|mot_0134,2,duplicate_suppressed
dup_0455,601,mot_0011,mot_0134,mot_0011|mot_0134,2,duplicate_suppressed
dup_0456,602,mot_0011,mot_0134,mot_0011|mot_0134,2,duplicate_suppressed
dup_0457,603,mot_0011,mot_0134,mot_0011|mot_0134,2,duplicate_suppressed
dup_0458,604,mot_0011,mot_0134,mot_0011|mot_0134,2,duplicate_suppressed
dup_0459,605,mot_0011,mot_0134,mot_0011|mot_0134,2,duplicate_suppressed
dup_0460,606,mot_0011,mot_0134,mot_0011|mot_0134,2,duplicate_suppressed
dup_0461,607,mot_0011,mot_0134,mot_0011|mot_0134,2,duplicate_suppressed
dup_0462,608,mot_0011,mot_0134,mot_0011|mot_0134,2,duplicate_suppressed
dup_0463,609,mot_0011,mot_0134,mot_0011|mot_0134,2,duplicate_suppressed
dup_0464,610,mot_0011,mot_0134,mot_0011|mot_0134,2,duplicate_suppressed
dup_0465,611,mot_0011,mot_0134,mot_0011|mot_0134,2,duplicate_suppressed
dup_0466,612,mot_0011,mot_0134,mot_0011|mot_0134,2,duplicate_suppressed
dup_0467,613,mot_0011,mot_0134,mot_0011|mot_0134,2,duplicate_suppressed
dup_0468,614,mot_0011,mot_0134,mot_0011|mot_0134,2,duplicate_suppressed
dup_0469,615,mot_0011,mot_0134,mot_0011|mot_0134,2,duplicate_suppressed
dup_0470,616,mot_0011,mot_0134,mot_0011|mot_0134,2,duplicate_suppressed
dup_0471,617,mot_0011,mot_0134,mot_0011|mot_0134,2,duplicate_suppressed
dup_0472,618,mot_0011,mot_0134,mot_0011|mot_0134,2,duplicate_suppressed
dup_0473,619,mot_0011,mot_0134,mot_0011|mot_0134,2,duplicate_suppressed
dup_0474,620,mot_0011,mot_0134,mot_0011|mot_0134,2,duplicate_suppressed
dup_0475,621,mot_0011,mot_0134,mot_0011|mot_0134,2,duplicate_suppressed
dup_0476,622,mot_0011,mot_0134,mot_0011|mot_0134,2,duplicate_suppressed
dup_0477,623,mot_0011,mot_0134,mot_0011|mot_0134,2,duplicate_suppressed
dup_0478,624,mot_0011,mot_0134,mot_0011|mot_0134,2,duplicate_suppressed
dup_0479,625,mot_0011,mot_0134,mot_0011|mot_0134,2,duplicate_suppressed
dup_0480,626,mot_0011,mot_0134,mot_0011|mot_0134,2,duplicate_suppressed
dup_0481,627,mot_0011,mot_0134,mot_0011|mot_0134,2,duplicate_suppressed
dup_0482,628,mot_0011,mot_0134,mot_0011|mot_0134,2,duplicate_suppressed
dup_0483,629,mot_0011,mot_0134,mot_0011|mot_0134,2,duplicate_suppressed
dup_0484,630,mot_0011,mot_0134,mot_0011|mot_0134,2,duplicate_suppressed
dup_0485,631,mot_0011,mot_0134,mot_0011|mot_0134,2,duplicate_suppressed
dup_0486,632,mot_0011,mot_0134,mot_0011|mot_0134,2,duplicate_suppressed
dup_0487,633,mot_0011,mot_0134,mot_0011|mot_0134,2,duplicate_suppressed
dup_0488,634,mot_0011,mot_0134,mot_0011|mot_0134,2,duplicate_suppressed
dup_0489,635,mot_0011,mot_0134,mot_0011|mot_0134,2,duplicate_suppressed
dup_0490,636,mot_0011,mot_0134,mot_0011|mot_0134,2,duplicate_suppressed
dup_0491,637,mot_0011,mot_0134,mot_0011|mot_0134,2,duplicate_suppressed
dup_0492,638,mot_0011,mot_0134,mot_0011|mot_0134,2,duplicate_suppressed
dup_0493,639,mot_0011,mot_0134,mot_0011|mot_0134,2,duplicate_suppressed
dup_0494,640,mot_0011,mot_0134,mot_0011|mot_0134,2,duplicate_suppressed
dup_0495,641,mot_0011,mot_0134,mot_0011|mot_0134,2,duplicate_suppressed
dup_0496,642,mot_0011,mot_0134,mot_0011|mot_0134,2,duplicate_suppressed
dup_0497,643,mot_0011,mot_0134,mot_0011|mot_0134,2,duplicate_suppressed
dup_0498,644,mot_0011,mot_0134,mot_0011|mot_0134,2,duplicate_suppressed
dup_0499,645,mot_0011,mot_0134,mot_0011|mot_0134,2,duplicate_suppressed
dup_0500,646,mot_0011,mot_0134,mot_0011|mot_0134,2,duplicate_suppressed
dup_0501,647,mot_0011,mot_0134,mot_0011|mot_0134,2,duplicate_suppressed
dup_0502,648,mot_0011,mot_0134,mot_0011|mot_0134,2,duplicate_suppressed
dup_0503,649,mot_0011,mot_0134,mot_0011|mot_0134,2,duplicate_suppressed
dup_0504,650,mot_0011,mot_0134,mot_0011|mot_0134,2,duplicate_suppressed
dup_0505,651,mot_0011,mot_0134,mot_0011|mot_0134,2,duplicate_suppressed
dup_0506,652,mot_0011,mot_0134,mot_0011|mot_0134,2,duplicate_suppressed
dup_0507,653,mot_0011,mot_0134,mot_0011|mot_0134,2,duplicate_suppressed
dup_0508,654,mot_0011,mot_0134,mot_0011|mot_0134,2,duplicate_suppressed
dup_0509,655,mot_0011,mot_0134,mot_0011|mot_0134,2,duplicate_suppressed
dup_0510,656,mot_0011,mot_0134,mot_0011|mot_0134,2,duplicate_suppressed
dup_0511,657,mot_0011,mot_0134,mot_0011|mot_0134,2,duplicate_suppressed
dup_0512,658,mot_0011,mot_0134,mot_0011|mot_0134,2,duplicate_suppressed
dup_0513,659,mot_0011,mot_0134,mot_0011|mot_0134,2,duplicate_suppressed
dup_0514,660,mot_0011,mot_0134,mot_0011|mot_0134,2,duplicate_suppressed
dup_0515,661,mot_0011,mot_0134,mot_0011|mot_0134,2,duplicate_suppressed
dup_0516,662,mot_0011,mot_0134,mot_0011|mot_0134,2,duplicate_suppressed
dup_0517,663,mot_0011,mot_0134,mot_0011|mot_0134,2,duplicate_suppressed
dup_0518,664,mot_0011,mot_0134,mot_0011|mot_0134,2,duplicate_suppressed
dup_0519,665,mot_0011,mot_0134,mot_0011|mot_0134,2,duplicate_suppressed
dup_0520,666,mot_0011,mot_0134,mot_0011|mot_0134,2,duplicate_suppressed
dup_0521,667,mot_0011,mot_0134,mot_0011|mot_0134,2,duplicate_suppressed
dup_0522,668,mot_0011,mot_0134,mot_0011|mot_0134,2,duplicate_suppressed
dup_0523,669,mot_0011,mot_0134,mot_0011|mot_0134,2,duplicate_suppressed
dup_0524,670,mot_0011,mot_0134,mot_0011|mot_0134,2,duplicate_suppressed
dup_0525,671,mot_0011,mot_0134,mot_0011|mot_0134,2,duplicate_suppressed
dup_0526,672,mot_0011,mot_0134,mot_0011|mot_0134,2,duplicate_suppressed
dup_0527,673,mot_0011,mot_0134,mot_0011|mot_0134,2,duplicate_suppressed
dup_0528,674,mot_0011,mot_0134,mot_0011|mot_0134,2,duplicate_suppressed
dup_0529,675,mot_0011,mot_0134,mot_0011|mot_0134,2,duplicate_suppressed
dup_0530,676,mot_0011,mot_0134,mot_0011|mot_0134,2,duplicate_suppressed
dup_0531,677,mot_0011,mot_0134,mot_0011|mot_0134,2,duplicate_suppressed
dup_0532,678,mot_0011,mot_0134,mot_0011|mot_0134,2,duplicate_suppressed
dup_0533,679,mot_0011,mot_0134,mot_0011|mot_0134,2,duplicate_suppressed
dup_0534,680,mot_0011,mot_0134,mot_0011|mot_0134,2,duplicate_suppressed
dup_0535,681,mot_0011,mot_0134,mot_0011|mot_0134,2,duplicate_suppressed
dup_0536,682,mot_0011,mot_0134,mot_0011|mot_0134,2,duplicate_suppressed
dup_0537,683,mot_0011,mot_0134,mot_0011|mot_0134,2,duplicate_suppressed
dup_0538,684,mot_0011,mot_0134,mot_0011|mot_0134,2,duplicate_suppressed
dup_0539,685,mot_0011,mot_0134,mot_0011|mot_0134,2,duplicate_suppressed
dup_0540,686,mot_0011,mot_0134,mot_0011|mot_0134,2,duplicate_suppressed
dup_0541,687,mot_0011,mot_0134,mot_0011|mot_0134,2,duplicate_suppressed
dup_0542,688,mot_0011,mot_0134,mot_0011|mot_0134,2,duplicate_suppressed
dup_0543,689,mot_0011,mot_0134,mot_0011|mot_0134,2,duplicate_suppressed
dup_0544,690,mot_0011,mot_0134,mot_0011|mot_0134,2,duplicate_suppressed
dup_0545,691,mot_0011,mot_0134,mot_0011|mot_0134,2,duplicate_suppressed
dup_0546,692,mot_0011,mot_0134,mot_0011|mot_0134,2,duplicate_suppressed
dup_0547,693,mot_0011,mot_0134,mot_0011|mot_0134,2,duplicate_suppressed
dup_0548,694,mot_0011,mot_0134,mot_0011|mot_0134,2,duplicate_suppressed
dup_0549,695,mot_0011,mot_0134,mot_0011|mot_0134,2,duplicate_suppressed
dup_0550,696,mot_0011,mot_0134,mot_0011|mot_0134,2,duplicate_suppressed
dup_0551,697,mot_0011,mot_0134,mot_0011|mot_0134,2,duplicate_suppressed
dup_0552,698,mot_0011,mot_0134,mot_0011|mot_0134,2,duplicate_suppressed
dup_0553,699,mot_0011,mot_0134,mot_0011|mot_0134,2,duplicate_suppressed
dup_0554,700,mot_0011,mot_0134,mot_0011|mot_0134,2,duplicate_suppressed
dup_0555,701,mot_0011,mot_0134,mot_0011|mot_0134,2,duplicate_suppressed
dup_0556,702,mot_0011,mot_0134,mot_0011|mot_0134,2,duplicate_suppressed
dup_0557,703,mot_0011,mot_0134,mot_0011|mot_0134,2,duplicate_suppressed
dup_0558,704,mot_0011,mot_0134,mot_0011|mot_0134,2,duplicate_suppressed
dup_0559,705,mot_0011,mot_0134,mot_0011|mot_0134,2,duplicate_suppressed
dup_0560,706,mot_0011,mot_0134,mot_0011|mot_0134,2,duplicate_suppressed
dup_0561,707,mot_0011,mot_0134,mot_0011|mot_0134,2,duplicate_suppressed
dup_0562,708,mot_0011,mot_0134,mot_0011|mot_0134,2,duplicate_suppressed
dup_0563,709,mot_0011,mot_0134,mot_0011|mot_0134,2,duplicate_suppressed
dup_0564,710,mot_0011,mot_0134,mot_0011|mot_0134,2,duplicate_suppressed
dup_0565,711,mot_0011,mot_0134,mot_0011|mot_0134,2,duplicate_suppressed
dup_0566,712,mot_0011,mot_0134,mot_0011|mot_0134,2,duplicate_suppressed
dup_0567,713,mot_0011,mot_0134,mot_0011|mot_0134,2,duplicate_suppressed
dup_0568,714,mot_0011,mot_0134,mot_0011|mot_0134,2,duplicate_suppressed
dup_0569,715,mot_0011,mot_0134,mot_0011|mot_0134,2,duplicate_suppressed
dup_0570,716,mot_0011,mot_0134,mot_0011|mot_0134,2,duplicate_suppressed
dup_0571,717,mot_0011,mot_0134,mot_0011|mot_0134,2,duplicate_suppressed
dup_0572,718,mot_0011,mot_0134,mot_0011|mot_0134,2,duplicate_suppressed
dup_0573,719,mot_0011,mot_0134,mot_0011|mot_0134,2,duplicate_suppressed
dup_0574,720,mot_0011,mot_0134,mot_0011|mot_0134,2,duplicate_suppressed
dup_0575,721,mot_0011,mot_0134,mot_0011|mot_0134,2,duplicate_suppressed
dup_0576,722,mot_0011,mot_0134,mot_0011|mot_0134,2,duplicate_suppressed
dup_0577,723,mot_0011,mot_0134,mot_0011|mot_0134,2,duplicate_suppressed
dup_0578,724,mot_0011,mot_0134,mot_0011|mot_0134,2,duplicate_suppressed
dup_0579,725,mot_0011,mot_0134,mot_0011|mot_0134,2,duplicate_suppressed
dup_0580,726,mot_0011,mot_0134,mot_0011|mot_0134,2,duplicate_suppressed
dup_0581,727,mot_0011,mot_0134,mot_0011|mot_0134,2,duplicate_suppressed
dup_0582,728,mot_0011,mot_0134,mot_0011|mot_0134,2,duplicate_suppressed
dup_0583,729,mot_0011,mot_0134,mot_0011|mot_0134,2,duplicate_suppressed
dup_0584,730,mot_0011,mot_0134,mot_0011|mot_0134,2,duplicate_suppressed
dup_0585,731,mot_0011,mot_0134,mot_0011|mot_0134,2,duplicate_suppressed
dup_0586,732,mot_0011,mot_0134,mot_0011|mot_0134,2,duplicate_suppressed
dup_0587,733,mot_0011,mot_0134,mot_0011|mot_0134,2,duplicate_suppressed
dup_0588,734,mot_0011,mot_0134,mot_0011|mot_0134,2,duplicate_suppressed
dup_0589,735,mot_0011,mot_0134,mot_0011|mot_0134,2,duplicate_suppressed
dup_0590,736,mot_0011,mot_0134,mot_0011|mot_0134,2,duplicate_suppressed
dup_0591,737,mot_0011,mot_0134,mot_0011|mot_0134,2,duplicate_suppressed
dup_0592,738,mot_0011,mot_0134,mot_0011|mot_0134,2,duplicate_suppressed
dup_0593,739,mot_0011,mot_0134,mot_0011|mot_0134,2,duplicate_suppressed
dup_0594,740,mot_0011,mot_0134,mot_0011|mot_0134,2,duplicate_suppressed
dup_0595,741,mot_0011,mot_0134,mot_0011|mot_0134,2,duplicate_suppressed
dup_0596,742,mot_0011,mot_0134,mot_0011|mot_0134,2,duplicate_suppressed
dup_0597,743,mot_0011,mot_0134,mot_0011|mot_0134,2,duplicate_suppressed
dup_0598,744,mot_0011,mot_0134,mot_0011|mot_0134,2,duplicate_suppressed
dup_0599,745,mot_0011,mot_0134,mot_0011|mot_0134,2,duplicate_suppressed
dup_0600,746,mot_0011,mot_0134,mot_0011|mot_0134,2,duplicate_suppressed
dup_0601,747,mot_0011,mot_0134,mot_0011|mot_0134,2,duplicate_suppressed
dup_0602,748,mot_0011,mot_0134,mot_0011|mot_0134,2,duplicate_suppressed
dup_0603,749,mot_0011,mot_0134,mot_0011|mot_0134,2,duplicate_suppressed
dup_0604,750,mot_0011,mot_0134,mot_0011|mot_0134,2,duplicate_suppressed
dup_0605,751,mot_0011,mot_0134,mot_0011|mot_0134,2,duplicate_suppressed
dup_0606,752,mot_0011,mot_0134,mot_0011|mot_0134,2,duplicate_suppressed
dup_0607,753,mot_0011,mot_0134,mot_0011|mot_0134,2,duplicate_suppressed
dup_0608,754,mot_0011,mot_0134,mot_0011|mot_0134,2,duplicate_suppressed
dup_0609,755,mot_0011,mot_0134,mot_0011|mot_0134,2,duplicate_suppressed
dup_0610,756,mot_0011,mot_0134,mot_0011|mot_0134,2,duplicate_suppressed
dup_0611,757,mot_0011,mot_0134,mot_0011|mot_0134,2,duplicate_suppressed
dup_0612,758,mot_0011,mot_0134,mot_0011|mot_0134,2,duplicate_suppressed
dup_0613,759,mot_0011,mot_0134,mot_0011|mot_0134,2,duplicate_suppressed
dup_0614,760,mot_0011,mot_0134,mot_0011|mot_0134,2,duplicate_suppressed
dup_0615,761,mot_0011,mot_0134,mot_0011|mot_0134,2,duplicate_suppressed
dup_0616,762,mot_0011,mot_0134,mot_0011|mot_0134,2,duplicate_suppressed
dup_0617,763,mot_0011,mot_0134,mot_0011|mot_0134,2,duplicate_suppressed
dup_0618,764,mot_0011,mot_0134,mot_0011|mot_0134,2,duplicate_suppressed
dup_0619,765,mot_0011,mot_0134,mot_0011|mot_0134,2,duplicate_suppressed
dup_0620,766,mot_0011,mot_0134,mot_0011|mot_0134,2,duplicate_suppressed
dup_0621,767,mot_0011,mot_0134,mot_0011|mot_0134,2,duplicate_suppressed
dup_0622,768,mot_0011,mot_0134,mot_0011|mot_0134,2,duplicate_suppressed
dup_0623,769,mot_0011,mot_0134,mot_0011|mot_0134,2,duplicate_suppressed
dup_0624,770,mot_0011,mot_0134,mot_0011|mot_0134,2,duplicate_suppressed
dup_0625,771,mot_0011,mot_0134,mot_0011|mot_0134,2,duplicate_suppressed
dup_0626,772,mot_0011,mot_0134,mot_0011|mot_0134,2,duplicate_suppressed
dup_0627,773,mot_0011,mot_0134,mot_0011|mot_0134,2,duplicate_suppressed
dup_0628,774,mot_0011,mot_0134,mot_0011|mot_0134,2,duplicate_suppressed
dup_0629,775,mot_0011,mot_0134,mot_0011|mot_0134,2,duplicate_suppressed
dup_0630,776,mot_0011,mot_0134,mot_0011|mot_0134,2,duplicate_suppressed
dup_0631,777,mot_0011,mot_0134,mot_0011|mot_0134,2,duplicate_suppressed
dup_0632,778,mot_0011,mot_0134,mot_0011|mot_0134,2,duplicate_suppressed
dup_0633,779,mot_0011,mot_0134,mot_0011|mot_0134,2,duplicate_suppressed
dup_0634,780,mot_0011,mot_0134,mot_0011|mot_0134,2,duplicate_suppressed
dup_0635,781,mot_0011,mot_0134,mot_0011|mot_0134,2,duplicate_suppressed
dup_0636,782,mot_0011,mot_0134,mot_0011|mot_0134,2,duplicate_suppressed
dup_0637,783,mot_0011,mot_0134,mot_0011|mot_0134,2,duplicate_suppressed
dup_0638,784,mot_0011,mot_0134,mot_0011|mot_0134,2,duplicate_suppressed
dup_0639,785,mot_0011,mot_0134,mot_0011|mot_0134,2,duplicate_suppressed
dup_0640,786,mot_0011,mot_0134,mot_0011|mot_0134,2,duplicate_suppressed
dup_0641,787,mot_0011,mot_0134,mot_0011|mot_0134,2,duplicate_suppressed
dup_0642,788,mot_0011,mot_0134,mot_0011|mot_0134,2,duplicate_suppressed
dup_0643,789,mot_0011,mot_0134,mot_0011|mot_0134,2,duplicate_suppressed
dup_0644,790,mot_0011,mot_0134,mot_0011|mot_0134,2,duplicate_suppressed
dup_0645,791,mot_0011,mot_0134,mot_0011|mot_0134,2,duplicate_suppressed
dup_0646,792,mot_0011,mot_0134,mot_0011|mot_0134,2,duplicate_suppressed
dup_0647,793,mot_0011,mot_0134,mot_0011|mot_0134,2,duplicate_suppressed
dup_0648,794,mot_0011,mot_0134,mot_0011|mot_0134,2,duplicate_suppressed
dup_0649,795,mot_0011,mot_0134,mot_0011|mot_0134,2,duplicate_suppressed
dup_0650,796,mot_0011,mot_0134,mot_0011|mot_0134,2,duplicate_suppressed
dup_0651,797,mot_0011,mot_0134,mot_0011|mot_0134,2,duplicate_suppressed
dup_0652,798,mot_0011,mot_0134,mot_0011|mot_0134,2,duplicate_suppressed
dup_0653,799,mot_0011,mot_0134,mot_0011|mot_0134,2,duplicate_suppressed
dup_0654,800,mot_0011,mot_0134,mot_0011|mot_0134,2,duplicate_suppressed
dup_0655,801,mot_0011,mot_0134,mot_0011|mot_0134,2,duplicate_suppressed
dup_0656,802,mot_0011,mot_0134,mot_0011|mot_0134,2,duplicate_suppressed
dup_0657,803,mot_0011,mot_0134,mot_0011|mot_0134,2,duplicate_suppressed
dup_0658,804,mot_0011,mot_0134,mot_0011|mot_0134,2,duplicate_suppressed
dup_0659,805,mot_0011,mot_0134,mot_0011|mot_0134,2,duplicate_suppressed
dup_0660,806,mot_0011,mot_0134,mot_0011|mot_0134,2,duplicate_suppressed
dup_0661,807,mot_0011,mot_0134,mot_0011|mot_0134,2,duplicate_suppressed
dup_0662,808,mot_0011,mot_0134,mot_0011|mot_0134,2,duplicate_suppressed
dup_0663,853,mot_0011,mot_0278,mot_0011|mot_0278,2,duplicate_suppressed
dup_0664,854,mot_0011,mot_0278,mot_0011|mot_0278,2,duplicate_suppressed
dup_0665,855,mot_0011,mot_0278,mot_0011|mot_0278,2,duplicate_suppressed
dup_0666,856,mot_0011,mot_0278,mot_0011|mot_0278,2,duplicate_suppressed
dup_0667,857,mot_0011,mot_0278,mot_0011|mot_0278,2,duplicate_suppressed
dup_0668,858,mot_0011,mot_0278,mot_0011|mot_0278,2,duplicate_suppressed
dup_0669,859,mot_0011,mot_0278,mot_0011|mot_0278,2,duplicate_suppressed
dup_0670,860,mot_0011,mot_0278,mot_0011|mot_0278,2,duplicate_suppressed
dup_0671,861,mot_0011,mot_0278,mot_0011|mot_0278,2,duplicate_suppressed
dup_0672,862,mot_0011,mot_0278,mot_0011|mot_0278,2,duplicate_suppressed
dup_0673,863,mot_0011,mot_0278,mot_0011|mot_0278,2,duplicate_suppressed
dup_0674,864,mot_0011,mot_0278,mot_0011|mot_0278,2,duplicate_suppressed
dup_0675,865,mot_0011,mot_0278,mot_0011|mot_0278,2,duplicate_suppressed
dup_0676,866,mot_0011,mot_0278,mot_0011|mot_0278,2,duplicate_suppressed
dup_0677,867,mot_0011,mot_0278,mot_0011|mot_0278,2,duplicate_suppressed
dup_0678,868,mot_0011,mot_0278,mot_0011|mot_0278,2,duplicate_suppressed
dup_0679,869,mot_0011,mot_0278,mot_0011|mot_0278,2,duplicate_suppressed
dup_0680,870,mot_0011,mot_0278,mot_0011|mot_0278,2,duplicate_suppressed
dup_0681,871,mot_0011,mot_0278,mot_0011|mot_0278,2,duplicate_suppressed
dup_0682,872,mot_0011,mot_0278,mot_0011|mot_0278,2,duplicate_suppressed
dup_0683,873,mot_0011,mot_0278,mot_0011|mot_0278,2,duplicate_suppressed
dup_0684,874,mot_0011,mot_0278,mot_0011|mot_0278,2,duplicate_suppressed
dup_0685,875,mot_0011,mot_0278,mot_0011|mot_0278,2,duplicate_suppressed
dup_0686,876,mot_0011,mot_0278,mot_0011|mot_0278,2,duplicate_suppressed
dup_0687,877,mot_0011,mot_0278,mot_0011|mot_0278,2,duplicate_suppressed
dup_0688,878,mot_0011,mot_0278,mot_0011|mot_0278,2,duplicate_suppressed
dup_0689,879,mot_0011,mot_0278,mot_0011|mot_0278,2,duplicate_suppressed
dup_0690,880,mot_0011,mot_0278,mot_0011|mot_0278,2,duplicate_suppressed
dup_0691,881,mot_0011,mot_0278,mot_0011|mot_0278,2,duplicate_suppressed
dup_0692,882,mot_0011,mot_0278,mot_0011|mot_0278,2,duplicate_suppressed
dup_0693,883,mot_0011,mot_0278,mot_0011|mot_0278,2,duplicate_suppressed
dup_0694,884,mot_0011,mot_0278,mot_0011|mot_0278,2,duplicate_suppressed
dup_0695,885,mot_0011,mot_0278,mot_0011|mot_0278,2,duplicate_suppressed
dup_0696,886,mot_0011,mot_0278,mot_0011|mot_0278,2,duplicate_suppressed
dup_0697,887,mot_0011,mot_0278,mot_0011|mot_0278,2,duplicate_suppressed
dup_0698,888,mot_0011,mot_0278,mot_0011|mot_0278,2,duplicate_suppressed
dup_0699,889,mot_0011,mot_0278,mot_0011|mot_0278,2,duplicate_suppressed
dup_0700,890,mot_0011,mot_0278,mot_0011|mot_0278,2,duplicate_suppressed
dup_0701,891,mot_0011,mot_0278,mot_0011|mot_0278,2,duplicate_suppressed
dup_0702,892,mot_0011,mot_0278,mot_0011|mot_0278,2,duplicate_suppressed
dup_0703,893,mot_0011,mot_0278,mot_0011|mot_0278,2,duplicate_suppressed
dup_0704,894,mot_0011,mot_0278,mot_0011|mot_0278,2,duplicate_suppressed
dup_0705,895,mot_0011,mot_0278,mot_0011|mot_0278,2,duplicate_suppressed
dup_0706,896,mot_0011,mot_0278,mot_0011|mot_0278,2,duplicate_suppressed
dup_0707,897,mot_0011,mot_0278,mot_0011|mot_0278,2,duplicate_suppressed
dup_0708,898,mot_0011,mot_0278,mot_0011|mot_0278,2,duplicate_suppressed
dup_0709,899,mot_0011,mot_0278,mot_0011|mot_0278,2,duplicate_suppressed
dup_0710,900,mot_0011,mot_0278,mot_0011|mot_0278,2,duplicate_suppressed
dup_0711,901,mot_0011,mot_0278,mot_0011|mot_0278,2,duplicate_suppressed
dup_0712,902,mot_0011,mot_0278,mot_0011|mot_0278,2,duplicate_suppressed
dup_0713,903,mot_0011,mot_0278,mot_0011|mot_0278,2,duplicate_suppressed
dup_0714,904,mot_0011,mot_0278,mot_0011|mot_0278,2,duplicate_suppressed
dup_0715,905,mot_0011,mot_0278,mot_0011|mot_0278,2,duplicate_suppressed
dup_0716,906,mot_0011,mot_0278,mot_0011|mot_0278,2,duplicate_suppressed
dup_0717,907,mot_0011,mot_0278,mot_0011|mot_0278,2,duplicate_suppressed
dup_0718,908,mot_0011,mot_0278,mot_0011|mot_0278,2,duplicate_suppressed
dup_0719,909,mot_0011,mot_0278,mot_0011|mot_0278,2,duplicate_suppressed
dup_0720,910,mot_0011,mot_0278,mot_0011|mot_0278,2,duplicate_suppressed
dup_0721,911,mot_0011,mot_0278,mot_0011|mot_0278,2,duplicate_suppressed
dup_0722,912,mot_0011,mot_0278,mot_0011|mot_0278,2,duplicate_suppressed
dup_0723,913,mot_0011,mot_0278,mot_0011|mot_0278,2,duplicate_suppressed
dup_0724,915,mot_0011,mot_0278,mot_0011|mot_0278,2,duplicate_suppressed
dup_0725,916,mot_0011,mot_0278,mot_0011|mot_0278,2,duplicate_suppressed
dup_0726,917,mot_0011,mot_0278,mot_0011|mot_0278,2,duplicate_suppressed
dup_0727,918,mot_0011,mot_0278,mot_0011|mot_0278,2,duplicate_suppressed
dup_0728,919,mot_0011,mot_0278,mot_0011|mot_0278,2,duplicate_suppressed
dup_0729,920,mot_0011,mot_0278,mot_0011|mot_0278,2,duplicate_suppressed
dup_0730,921,mot_0011,mot_0278,mot_0011|mot_0278,2,duplicate_suppressed
dup_0731,922,mot_0011,mot_0278,mot_0011|mot_0278,2,duplicate_suppressed
dup_0732,923,mot_0011,mot_0278,mot_0011|mot_0278,2,duplicate_suppressed
dup_0733,924,mot_0011,mot_0278,mot_0011|mot_0278,2,duplicate_suppressed
dup_0734,925,mot_0011,mot_0278,mot_0011|mot_0278,2,duplicate_suppressed
dup_0735,926,mot_0011,mot_0278,mot_0011|mot_0278,2,duplicate_suppressed
dup_0736,927,mot_0011,mot_0278,mot_0011|mot_0278,2,duplicate_suppressed
dup_0737,928,mot_0011,mot_0278,mot_0011|mot_0278,2,duplicate_suppressed
dup_0738,929,mot_0011,mot_0278,mot_0011|mot_0278,2,duplicate_suppressed
dup_0739,930,mot_0011,mot_0278,mot_0011|mot_0278,2,duplicate_suppressed
dup_0740,931,mot_0011,mot_0278,mot_0011|mot_0278,2,duplicate_suppressed
dup_0741,932,mot_0011,mot_0278,mot_0011|mot_0278,2,duplicate_suppressed
dup_0742,933,mot_0011,mot_0278,mot_0011|mot_0278,2,duplicate_suppressed
dup_0743,934,mot_0011,mot_0278,mot_0011|mot_0278,2,duplicate_suppressed
dup_0744,935,mot_0011,mot_0278,mot_0011|mot_0278,2,duplicate_suppressed
dup_0745,936,mot_0011,mot_0278,mot_0011|mot_0278,2,duplicate_suppressed
dup_0746,937,mot_0011,mot_0278,mot_0011|mot_0278,2,duplicate_suppressed
dup_0747,938,mot_0011,mot_0278,mot_0011|mot_0278,2,duplicate_suppressed
dup_0748,939,mot_0011,mot_0278,mot_0011|mot_0278,2,duplicate_suppressed
dup_0749,940,mot_0011,mot_0278,mot_0011|mot_0278,2,duplicate_suppressed
dup_0750,941,mot_0011,mot_0278,mot_0011|mot_0278,2,duplicate_suppressed
dup_0751,942,mot_0011,mot_0278,mot_0011|mot_0278,2,duplicate_suppressed
dup_0752,943,mot_0011,mot_0278,mot_0011|mot_0278,2,duplicate_suppressed
dup_0753,944,mot_0011,mot_0278,mot_0011|mot_0278,2,duplicate_suppressed
dup_0754,945,mot_0011,mot_0278,mot_0011|mot_0278,2,duplicate_suppressed
dup_0755,946,mot_0011,mot_0278,mot_0011|mot_0278,2,duplicate_suppressed
dup_0756,947,mot_0011,mot_0278,mot_0011|mot_0278,2,duplicate_suppressed
dup_0757,948,mot_0011,mot_0278,mot_0011|mot_0278,2,duplicate_suppressed
dup_0758,949,mot_0011,mot_0278,mot_0011|mot_0278,2,duplicate_suppressed
dup_0759,1061,mot_0011,mot_0379,mot_0011|mot_0379,2,duplicate_suppressed
dup_0760,1062,mot_0011,mot_0379,mot_0011|mot_0379,2,duplicate_suppressed
dup_0761,1063,mot_0011,mot_0379,mot_0011|mot_0379,2,duplicate_suppressed
dup_0762,1064,mot_0011,mot_0379,mot_0011|mot_0379,2,duplicate_suppressed
dup_0763,1065,mot_0011,mot_0379,mot_0011|mot_0379,2,duplicate_suppressed
dup_0764,1066,mot_0011,mot_0379,mot_0011|mot_0379,2,duplicate_suppressed
dup_0765,1067,mot_0011,mot_0379,mot_0011|mot_0379,2,duplicate_suppressed
dup_0766,1068,mot_0011,mot_0379,mot_0011|mot_0379,2,duplicate_suppressed
dup_0767,1069,mot_0011,mot_0379,mot_0011|mot_0379,2,duplicate_suppressed
dup_0768,1070,mot_0011,mot_0379,mot_0011|mot_0379,2,duplicate_suppressed
dup_0769,1071,mot_0011,mot_0379,mot_0011|mot_0379,2,duplicate_suppressed
dup_0770,1072,mot_0011,mot_0379,mot_0011|mot_0379,2,duplicate_suppressed
dup_0771,1073,mot_0011,mot_0379,mot_0011|mot_0379,2,duplicate_suppressed
dup_0772,1074,mot_0011,mot_0379,mot_0011|mot_0379,2,duplicate_suppressed
dup_0773,1075,mot_0011,mot_0379,mot_0011|mot_0379,2,duplicate_suppressed
dup_0774,1076,mot_0011,mot_0379,mot_0011|mot_0379,2,duplicate_suppressed
dup_0775,1077,mot_0011,mot_0379,mot_0011|mot_0379,2,duplicate_suppressed
dup_0776,1078,mot_0011,mot_0379,mot_0011|mot_0379,2,duplicate_suppressed
dup_0777,1079,mot_0011,mot_0379,mot_0011|mot_0379,2,duplicate_suppressed
dup_0778,1080,mot_0011,mot_0379,mot_0011|mot_0379,2,duplicate_suppressed
dup_0779,1081,mot_0011,mot_0379,mot_0011|mot_0379,2,duplicate_suppressed
dup_0780,1082,mot_0011,mot_0379,mot_0011|mot_0379,2,duplicate_suppressed
dup_0781,1083,mot_0011,mot_0379,mot_0011|mot_0379,2,duplicate_suppressed
dup_0782,1084,mot_0011,mot_0379,mot_0011|mot_0379,2,duplicate_suppressed
dup_0783,1085,mot_0011,mot_0379,mot_0011|mot_0379,2,duplicate_suppressed
dup_0784,1086,mot_0011,mot_0379,mot_0011|mot_0379,2,duplicate_suppressed
dup_0785,1087,mot_0011,mot_0379,mot_0011|mot_0379,2,duplicate_suppressed
dup_0786,1088,mot_0011,mot_0379,mot_0011|mot_0379,2,duplicate_suppressed
dup_0787,1089,mot_0011,mot_0379,mot_0011|mot_0379,2,duplicate_suppressed
dup_0788,1090,mot_0011,mot_0379,mot_0011|mot_0379,2,duplicate_suppressed
dup_0789,1091,mot_0011,mot_0379,mot_0011|mot_0379,2,duplicate_suppressed
dup_0790,1115,mot_0011,mot_0384,mot_0011|mot_0384,2,duplicate_suppressed
dup_0791,1116,mot_0011,mot_0384,mot_0011|mot_0384,2,duplicate_suppressed
dup_0792,1117,mot_0011,mot_0384,mot_0011|mot_0384,2,duplicate_suppressed
dup_0793,1118,mot_0011,mot_0384,mot_0011|mot_0384,2,duplicate_suppressed
dup_0794,1119,mot_0011,mot_0384,mot_0011|mot_0384,2,duplicate_suppressed
dup_0795,1120,mot_0011,mot_0384,mot_0011|mot_0384,2,duplicate_suppressed
dup_0796,1121,mot_0011,mot_0384,mot_0011|mot_0384,2,duplicate_suppressed
dup_0797,1122,mot_0011,mot_0384,mot_0011|mot_0384,2,duplicate_suppressed
dup_0798,1123,mot_0011,mot_0384,mot_0011|mot_0384,2,duplicate_suppressed
dup_0799,1124,mot_0011,mot_0384,mot_0011|mot_0384,2,duplicate_suppressed
dup_0800,1126,mot_0011,mot_0384,mot_0011|mot_0384,2,duplicate_suppressed
dup_0801,1127,mot_0011,mot_0384,mot_0011|mot_0384,2,duplicate_suppressed
dup_0802,1128,mot_0011,mot_0384,mot_0011|mot_0384,2,duplicate_suppressed
dup_0803,1129,mot_0011,mot_0384,mot_0011|mot_0384,2,duplicate_suppressed
dup_0804,1130,mot_0011,mot_0384,mot_0011|mot_0384,2,duplicate_suppressed
dup_0805,1131,mot_0011,mot_0384,mot_0011|mot_0384,2,duplicate_suppressed
dup_0806,1132,mot_0011,mot_0384,mot_0011|mot_0384,2,duplicate_suppressed
dup_0807,1133,mot_0011,mot_0384,mot_0011|mot_0384,2,duplicate_suppressed
dup_0808,1134,mot_0011,mot_0384,mot_0011|mot_0384,2,duplicate_suppressed
dup_0809,1135,mot_0011,mot_0384,mot_0011|mot_0384,2,duplicate_suppressed
dup_0810,1136,mot_0011,mot_0384,mot_0011|mot_0384,2,duplicate_suppressed
dup_0811,1137,mot_0011,mot_0384,mot_0011|mot_0384,2,duplicate_suppressed
dup_0812,1138,mot_0011,mot_0384,mot_0011|mot_0384,2,duplicate_suppressed
dup_0813,1139,mot_0011,mot_0384,mot_0011|mot_0384,2,duplicate_suppressed
dup_0814,1140,mot_0011,mot_0384,mot_0011|mot_0384,2,duplicate_suppressed
dup_0815,1141,mot_0011,mot_0384,mot_0011|mot_0384,2,duplicate_suppressed
dup_0816,1142,mot_0011,mot_0384,mot_0011|mot_0384,2,duplicate_suppressed
dup_0817,1143,mot_0011,mot_0384,mot_0011|mot_0384,2,duplicate_suppressed
dup_0818,1144,mot_0011,mot_0384,mot_0011|mot_0384,2,duplicate_suppressed
dup_0819,1151,mot_0011,mot_0389,mot_0011|mot_0389,2,duplicate_suppressed
dup_0820,1152,mot_0011,mot_0389,mot_0011|mot_0389,2,duplicate_suppressed
dup_0821,1153,mot_0011,mot_0389,mot_0011|mot_0389,2,duplicate_suppressed
dup_0822,1154,mot_0011,mot_0389,mot_0011|mot_0389,2,duplicate_suppressed
dup_0823,1155,mot_0011,mot_0389,mot_0011|mot_0389,2,duplicate_suppressed
dup_0824,1156,mot_0011,mot_0389,mot_0011|mot_0389,2,duplicate_suppressed
dup_0825,1157,mot_0011,mot_0389,mot_0011|mot_0389,2,duplicate_suppressed
dup_0826,1158,mot_0011,mot_0389,mot_0011|mot_0389,2,duplicate_suppressed
dup_0827,1159,mot_0011,mot_0389,mot_0011|mot_0389,2,duplicate_suppressed
dup_0828,1160,mot_0011,mot_0389,mot_0011|mot_0389,2,duplicate_suppressed
dup_0829,1161,mot_0011,mot_0389,mot_0011|mot_0389,2,duplicate_suppressed
dup_0830,1162,mot_0011,mot_0389,mot_0011|mot_0389,2,duplicate_suppressed
dup_0831,1163,mot_0011,mot_0389,mot_0011|mot_0389,2,duplicate_suppressed
dup_0832,1164,mot_0011,mot_0389,mot_0011|mot_0389,2,duplicate_suppressed
dup_0833,1165,mot_0011,mot_0389,mot_0011|mot_0389,2,duplicate_suppressed
dup_0834,1166,mot_0011,mot_0389,mot_0011|mot_0389,2,duplicate_suppressed
dup_0835,1167,mot_0011,mot_0389,mot_0011|mot_0389,2,duplicate_suppressed
dup_0836,1168,mot_0011,mot_0389,mot_0011|mot_0389,2,duplicate_suppressed
dup_0837,1169,mot_0011,mot_0389,mot_0011|mot_0389,2,duplicate_suppressed
dup_0838,1170,mot_0011,mot_0389,mot_0011|mot_0389,2,duplicate_suppressed
dup_0839,1171,mot_0011,mot_0389,mot_0011|mot_0389,2,duplicate_suppressed
dup_0840,1172,mot_0011,mot_0389,mot_0011|mot_0389,2,duplicate_suppressed
dup_0841,1173,mot_0011,mot_0389,mot_0011|mot_0389,2,duplicate_suppressed
dup_0842,1174,mot_0011,mot_0389,mot_0011|mot_0389,2,duplicate_suppressed
dup_0843,1175,mot_0011,mot_0389,mot_0011|mot_0389,2,duplicate_suppressed
dup_0844,1176,mot_0011,mot_0389,mot_0011|mot_0389,2,duplicate_suppressed
dup_0845,1177,mot_0011,mot_0389,mot_0011|mot_0389,2,duplicate_suppressed
dup_0846,1178,mot_0011,mot_0389,mot_0011|mot_0389,2,duplicate_suppressed
dup_0847,1179,mot_0011,mot_0389,mot_0011|mot_0389,2,duplicate_suppressed
dup_0848,1180,mot_0011,mot_0389,mot_0011|mot_0389,2,duplicate_suppressed
dup_0849,1185,mot_0011,mot_0391,mot_0011|mot_0391,2,duplicate_suppressed
dup_0850,1186,mot_0011,mot_0391,mot_0011|mot_0391,2,duplicate_suppressed
dup_0851,1187,mot_0011,mot_0391,mot_0011|mot_0391,2,duplicate_suppressed
dup_0852,1188,mot_0011,mot_0391,mot_0011|mot_0391,2,duplicate_suppressed
dup_0853,1189,mot_0011,mot_0391,mot_0011|mot_0391,2,duplicate_suppressed
dup_0854,1190,mot_0011,mot_0391,mot_0011|mot_0391,2,duplicate_suppressed
dup_0855,1191,mot_0011,mot_0391,mot_0011|mot_0391,2,duplicate_suppressed
dup_0856,1192,mot_0011,mot_0391,mot_0011|mot_0391,2,duplicate_suppressed
dup_0857,1193,mot_0011,mot_0391,mot_0011|mot_0391,2,duplicate_suppressed
dup_0858,1194,mot_0011,mot_0391,mot_0011|mot_0391,2,duplicate_suppressed
dup_0859,1195,mot_0011,mot_0391,mot_0011|mot_0391,2,duplicate_suppressed
dup_0860,1196,mot_0011,mot_0391,mot_0011|mot_0391,2,duplicate_suppressed
dup_0861,1197,mot_0011,mot_0391,mot_0011|mot_0391,2,duplicate_suppressed
dup_0862,1198,mot_0011,mot_0391,mot_0011|mot_0391,2,duplicate_suppressed
dup_0863,1199,mot_0011,mot_0391,mot_0011|mot_0391,2,duplicate_suppressed
dup_0864,1200,mot_0011,mot_0391,mot_0011|mot_0391,2,duplicate_suppressed
dup_0865,1201,mot_0011,mot_0391,mot_0011|mot_0391,2,duplicate_suppressed
dup_0866,1202,mot_0011,mot_0391,mot_0011|mot_0391,2,duplicate_suppressed
dup_0867,1203,mot_0011,mot_0391,mot_0011|mot_0391,2,duplicate_suppressed
dup_0868,1204,mot_0011,mot_0391,mot_0011|mot_0391,2,duplicate_suppressed
dup_0869,1205,mot_0011,mot_0391,mot_0011|mot_0391,2,duplicate_suppressed
dup_0870,1206,mot_0011,mot_0391,mot_0011|mot_0391,2,duplicate_suppressed
dup_0871,1207,mot_0011,mot_0391,mot_0011|mot_0391,2,duplicate_suppressed
dup_0872,1208,mot_0011,mot_0391,mot_0011|mot_0391,2,duplicate_suppressed
dup_0873,1209,mot_0011,mot_0391,mot_0011|mot_0391,2,duplicate_suppressed
dup_0874,1210,mot_0011,mot_0391,mot_0011|mot_0391,2,duplicate_suppressed
dup_0875,1211,mot_0011,mot_0391,mot_0011|mot_0391,2,duplicate_suppressed
dup_0876,1212,mot_0011,mot_0391,mot_0011|mot_0391,2,duplicate_suppressed
dup_0877,1213,mot_0011,mot_0391,mot_0011|mot_0391,2,duplicate_suppressed
dup_0878,1214,mot_0011,mot_0391,mot_0011|mot_0391,2,duplicate_suppressed
dup_0879,1215,mot_0011,mot_0391,mot_0011|mot_0391,2,duplicate_suppressed
dup_0880,1216,mot_0011,mot_0391,mot_0011|mot_0391,2,duplicate_suppressed
dup_0881,1217,mot_0011,mot_0391,mot_0011|mot_0391,2,duplicate_suppressed
dup_0882,1218,mot_0011,mot_0391,mot_0011|mot_0391,2,duplicate_suppressed
dup_0883,1219,mot_0011,mot_0391,mot_0011|mot_0391,2,duplicate_suppressed
dup_0884,1220,mot_0011,mot_0391,mot_0011|mot_0391,2,duplicate_suppressed
dup_0885,1221,mot_0011,mot_0391,mot_0011|mot_0391,2,duplicate_suppressed
dup_0886,1222,mot_0011,mot_0391,mot_0011|mot_0391,2,duplicate_suppressed
dup_0887,1223,mot_0011,mot_0391,mot_0011|mot_0391,2,duplicate_suppressed
dup_0888,1224,mot_0011,mot_0391,mot_0011|mot_0391,2,duplicate_suppressed
dup_0889,1225,mot_0011,mot_0391,mot_0011|mot_0391,2,duplicate_suppressed
dup_0890,1226,mot_0011,mot_0391,mot_0011|mot_0391,2,duplicate_suppressed
dup_0891,1227,mot_0011,mot_0391,mot_0011|mot_0391,2,duplicate_suppressed
dup_0892,1228,mot_0011,mot_0391,mot_0011|mot_0391,2,duplicate_suppressed
dup_0893,1229,mot_0011,mot_0391,mot_0011|mot_0391,2,duplicate_suppressed
dup_0894,1230,mot_0011,mot_0391,mot_0011|mot_0391,2,duplicate_suppressed
dup_0895,1231,mot_0011,mot_0391,mot_0011|mot_0391,2,duplicate_suppressed
dup_0896,1232,mot_0011,mot_0391,mot_0011|mot_0391,2,duplicate_suppressed
dup_0897,1233,mot_0011,mot_0391,mot_0011|mot_0391,2,duplicate_suppressed
dup_0898,1234,mot_0011,mot_0391,mot_0011|mot_0391,2,duplicate_suppressed
dup_0899,1235,mot_0011,mot_0391,mot_0011|mot_0391,2,duplicate_suppressed
dup_0900,1236,mot_0011,mot_0391,mot_0011|mot_0391,2,duplicate_suppressed
dup_0901,1237,mot_0011,mot_0391,mot_0011|mot_0391,2,duplicate_suppressed
dup_0902,1238,mot_0011,mot_0391,mot_0011|mot_0391,2,duplicate_suppressed
dup_0903,1239,mot_0011,mot_0391,mot_0011|mot_0391,2,duplicate_suppressed
dup_0904,1240,mot_0011,mot_0391,mot_0011|mot_0391,2,duplicate_suppressed
dup_0905,1241,mot_0011,mot_0391,mot_0011|mot_0391,2,duplicate_suppressed
dup_0906,1242,mot_0011,mot_0391,mot_0011|mot_0391,2,duplicate_suppressed
dup_0907,1243,mot_0011,mot_0391,mot_0011|mot_0391,2,duplicate_suppressed
dup_0908,1244,mot_0011,mot_0391,mot_0011|mot_0391,2,duplicate_suppressed
dup_0909,1245,mot_0011,mot_0391,mot_0011|mot_0391,2,duplicate_suppressed
dup_0910,1246,mot_0011,mot_0391,mot_0011|mot_0391,2,duplicate_suppressed
dup_0911,1247,mot_0011,mot_0391,mot_0011|mot_0391,2,duplicate_suppressed
dup_0912,1248,mot_0011,mot_0391,mot_0011|mot_0391,2,duplicate_suppressed
dup_0913,1249,mot_0011,mot_0391,mot_0011|mot_0391,2,duplicate_suppressed
dup_0914,1250,mot_0011,mot_0391,mot_0011|mot_0391,2,duplicate_suppressed
dup_0915,1251,mot_0011,mot_0391,mot_0011|mot_0391,2,duplicate_suppressed
dup_0916,1252,mot_0011,mot_0391,mot_0011|mot_0391,2,duplicate_suppressed
dup_0917,1253,mot_0011,mot_0391,mot_0011|mot_0391,2,duplicate_suppressed
dup_0918,1254,mot_0011,mot_0391,mot_0011|mot_0391,2,duplicate_suppressed
dup_0919,1255,mot_0011,mot_0391,mot_0011|mot_0391,2,duplicate_suppressed
dup_0920,1256,mot_0011,mot_0391,mot_0011|mot_0391,2,duplicate_suppressed
dup_0921,1257,mot_0011,mot_0391,mot_0011|mot_0391,2,duplicate_suppressed
dup_0922,1258,mot_0011,mot_0391,mot_0011|mot_0391,2,duplicate_suppressed
dup_0923,1259,mot_0011,mot_0391,mot_0011|mot_0391,2,duplicate_suppressed
dup_0924,1260,mot_0011,mot_0391,mot_0011|mot_0391,2,duplicate_suppressed
dup_0925,1261,mot_0011,mot_0391,mot_0011|mot_0391,2,duplicate_suppressed
dup_0926,1262,mot_0011,mot_0391,mot_0011|mot_0391,2,duplicate_suppressed
dup_0927,1263,mot_0011,mot_0391,mot_0011|mot_0391,2,duplicate_suppressed
dup_0928,1264,mot_0011,mot_0391,mot_0011|mot_0391,2,duplicate_suppressed
dup_0929,1265,mot_0011,mot_0391,mot_0011|mot_0391,2,duplicate_suppressed
dup_0930,1266,mot_0011,mot_0391,mot_0011|mot_0391,2,duplicate_suppressed
dup_0931,1267,mot_0011,mot_0391,mot_0011|mot_0391,2,duplicate_suppressed
dup_0932,1268,mot_0011,mot_0391,mot_0011|mot_0391,2,duplicate_suppressed
dup_0933,1269,mot_0011,mot_0391,mot_0011|mot_0391,2,duplicate_suppressed
dup_0934,1270,mot_0011,mot_0391,mot_0011|mot_0391,2,duplicate_suppressed
dup_0935,1271,mot_0011,mot_0391,mot_0011|mot_0391,2,duplicate_suppressed
dup_0936,1272,mot_0011,mot_0391,mot_0011|mot_0391,2,duplicate_suppressed
dup_0937,1273,mot_0011,mot_0391,mot_0011|mot_0391,2,duplicate_suppressed
dup_0938,1274,mot_0011,mot_0391,mot_0011|mot_0391,2,duplicate_suppressed
dup_0939,1275,mot_0011,mot_0391,mot_0011|mot_0391,2,duplicate_suppressed
dup_0940,1276,mot_0011,mot_0391,mot_0011|mot_0391,2,duplicate_suppressed
dup_0941,1277,mot_0011,mot_0391,mot_0011|mot_0391,2,duplicate_suppressed
dup_0942,1278,mot_0011,mot_0391,mot_0011|mot_0391,2,duplicate_suppressed
dup_0943,1279,mot_0011,mot_0391,mot_0011|mot_0391,2,duplicate_suppressed
dup_0944,1280,mot_0011,mot_0391,mot_0011|mot_0391,2,duplicate_suppressed
dup_0945,1281,mot_0011,mot_0391,mot_0011|mot_0391,2,duplicate_suppressed
dup_0946,1282,mot_0011,mot_0391,mot_0011|mot_0391,2,duplicate_suppressed
dup_0947,1283,mot_0011,mot_0391,mot_0011|mot_0391,2,duplicate_suppressed
dup_0948,1284,mot_0011,mot_0391,mot_0011|mot_0391,2,duplicate_suppressed
dup_0949,1285,mot_0011,mot_0391,mot_0011|mot_0391,2,duplicate_suppressed
dup_0950,1286,mot_0011,mot_0391,mot_0011|mot_0391,2,duplicate_suppressed
dup_0951,1287,mot_0011,mot_0391,mot_0011|mot_0391,2,duplicate_suppressed
dup_0952,1288,mot_0011,mot_0391,mot_0011|mot_0391,2,duplicate_suppressed
dup_0953,1289,mot_0011,mot_0391,mot_0011|mot_0391,2,duplicate_suppressed
dup_0954,1290,mot_0011,mot_0391,mot_0011|mot_0391,2,duplicate_suppressed
dup_0955,1291,mot_0011,mot_0391,mot_0011|mot_0391,2,duplicate_suppressed
dup_0956,1292,mot_0011,mot_0391,mot_0011|mot_0391,2,duplicate_suppressed
dup_0957,1293,mot_0011,mot_0391,mot_0011|mot_0391,2,duplicate_suppressed
dup_0958,1294,mot_0011,mot_0391,mot_0011|mot_0391,2,duplicate_suppressed
dup_0959,1295,mot_0011,mot_0391,mot_0011|mot_0391,2,duplicate_suppressed
dup_0960,1296,mot_0011,mot_0391,mot_0011|mot_0391,2,duplicate_suppressed
dup_0961,1297,mot_0011,mot_0391,mot_0011|mot_0391,2,duplicate_suppressed
dup_0962,1298,mot_0011,mot_0391,mot_0011|mot_0391,2,duplicate_suppressed
dup_0963,1299,mot_0011,mot_0391,mot_0011|mot_0391,2,duplicate_suppressed
dup_0964,1300,mot_0011,mot_0391,mot_0011|mot_0391,2,duplicate_suppressed
dup_0965,1301,mot_0011,mot_0391,mot_0011|mot_0391,2,duplicate_suppressed
dup_0966,1302,mot_0011,mot_0391,mot_0011|mot_0391,2,duplicate_suppressed
dup_0967,1303,mot_0011,mot_0391,mot_0011|mot_0391,2,duplicate_suppressed
dup_0968,1304,mot_0011,mot_0391,mot_0011|mot_0391,2,duplicate_suppressed
dup_0969,1305,mot_0011,mot_0391,mot_0011|mot_0391,2,duplicate_suppressed
dup_0970,1306,mot_0011,mot_0391,mot_0011|mot_0391,2,duplicate_suppressed
dup_0971,1307,mot_0011,mot_0391,mot_0011|mot_0391,2,duplicate_suppressed
dup_0972,1308,mot_0011,mot_0391,mot_0011|mot_0391,2,duplicate_suppressed
dup_0973,1309,mot_0011,mot_0391,mot_0011|mot_0391,2,duplicate_suppressed
dup_0974,1310,mot_0011,mot_0391,mot_0011|mot_0391,2,duplicate_suppressed
dup_0975,1311,mot_0011,mot_0391,mot_0011|mot_0391,2,duplicate_suppressed
dup_0976,1312,mot_0011,mot_0391,mot_0011|mot_0391,2,duplicate_suppressed
dup_0977,1313,mot_0011,mot_0391,mot_0011|mot_0391,2,duplicate_suppressed
dup_0978,1314,mot_0011,mot_0391,mot_0011|mot_0391,2,duplicate_suppressed
dup_0979,1315,mot_0011,mot_0391,mot_0011|mot_0391,2,duplicate_suppressed
dup_0980,1316,mot_0011,mot_0391,mot_0011|mot_0391,2,duplicate_suppressed
